date;greenbox;breached_range_high;breached_range_low;closed_above_range_high;closed_below_range_low;range_confirmed;range_holds_close;range_holds_wick;breakout_time;breakout_window;upday;range_holds;close_outside_range;max_retracement_time;max_expansion_time;retrace_into_range;retracement_in_minutes;expansion_in_minutes;expansion_window;retracement_window;took_out_day_open;took_out_ny_true_open;expansion_level;expansion_level_body;retracement_level;retracement_level_body;after_conf_max_level;after_conf_min_level;opening_level;closing_level;session_close_level;session_low_level;session_high_level;model;model_prev;upday_prev;range_holds_prev;range_multiplier
2024-07-26;false;true;true;true;true;true;false;false;1722004200000000;10:30 - 10:45;false;false;false;1722004500000000;1722004500000000;false;5.0;5.0;10:30 - 10:45;10:30 - 10:45;;;-0.3;-0.3;-0.2;-0.2;-0.4;1.2;0.2;0.0;0.9;-0.5;1.2;Medium Uptrend;;true;true;3.0
2024-07-29;false;false;true;false;true;true;true;true;1722264300000000;10:45 - 11:00;false;true;true;1722264600000000;1722272400000000;false;5.0;135.0;13:00 - 13:15;10:45 - 11:00;false;false;-1.8;-2.2;-0.2;-0.3;-1.9;-0.2;0.9;0.1;-1.2;-1.9;0.2;Expansion;Strong Uptrend;true;false;7.5
2024-07-30;false;false;true;false;true;true;true;true;1722350400000000;10:30 - 10:45;false;true;true;1722351000000000;1722351600000000;true;10.0;20.0;11:00 - 11:15;10:45 - 11:00;false;;-0.6;-1.0;0.0;-0.1;-0.7;0.5;0.6;0.0;-0.3;-0.7;0.5;Weak Downtrend;Contraction;false;true;3.6
2024-07-31;false;false;true;false;true;true;true;true;1722453600000000;15:15 - 15:30;false;true;true;1722454500000000;1722455400000000;false;15.0;30.0;15:45 - 16:00;15:30 - 15:45;false;true;-1.2;-1.9;0.0;-0.3;-1.3;0.0;0.5;0.1;-0.9;-1.3;0.9;Expansion;Strong Uptrend;false;true;2.8
2024-08-01;false;false;true;false;true;true;true;true;1722522600000000;10:30 - 10:45;false;true;true;1722523200000000;1722534300000000;true;10.0;195.0;13:45 - 14:00;10:30 - 10:45;true;false;-2.4;-2.6;0.3;0.3;-2.5;0.3;0.5;0.0;-1.1;-2.5;0.3;Expansion;Medium Downtrend;true;true;3.0
2024-08-02;true;false;true;false;true;true;true;true;1722609300000000;10:30 - 10:45;false;true;true;1722609600000000;1722612000000000;false;5.0;45.0;11:15 - 11:30;10:30 - 10:45;true;true;-2.0;-2.8;-0.3;-0.5;-2.1;-0.3;0.3;0.3;-1.9;-2.1;0.5;Strong Uptrend;Strong Downtrend;false;false;2.4
2024-08-05;true;true;false;true;false;true;true;true;1722868500000000;10:30 - 10:45;true;true;false;1722870000000000;1722875100000000;true;25.0;110.0;12:15 - 12:30;11:00 - 11:15;false;false;1.4;1.4;1.0;1.0;1.5;0.7;0.1;0.8;1.0;0.7;1.5;Expansion;Strong Downtrend;false;true;2.5
2024-08-06;true;true;false;true;false;true;true;true;1722960600000000;12:00 - 12:15;true;true;true;1722961800000000;1722968100000000;true;20.0;125.0;14:15 - 14:30;12:30 - 12:45;false;false;1.2;1.3;0.9;1.0;1.3;0.9;0.4;0.9;1.2;0.6;1.3;Expansion;Medium Uptrend;false;true;3.3
2024-08-07;false;false;true;false;true;true;true;true;1723041000000000;10:30 - 10:45;false;true;true;1723041900000000;1723060500000000;true;15.0;325.0;15:45 - 16:00;10:45 - 11:00;false;false;-1.0;-1.2;0.2;0.2;-1.1;0.2;0.8;0.0;-1.1;-1.1;0.2;Expansion;Strong Uptrend;true;true;2.4
2024-08-08;true;true;false;true;false;true;true;true;1723127700000000;10:30 - 10:45;true;true;true;1723128300000000;1723133400000000;true;10.0;95.0;12:00 - 12:15;10:45 - 11:00;false;true;1.9;2.3;1.0;1.1;2.0;1.0;0.7;1.0;1.8;0.9;2.0;Expansion;Strong Uptrend;false;false;6.7
2024-08-09;true;false;true;false;true;true;true;true;1723213800000000;10:30 - 10:45;false;true;false;1723214100000000;1723214100000000;false;5.0;5.0;10:30 - 10:45;10:30 - 10:45;true;false;-0.1;-0.3;-0.1;-0.2;-0.2;0.7;0.4;0.4;0.7;-0.2;0.7;Weak Downtrend;Strong Downtrend;false;true;2.4
2024-08-12;true;true;false;true;false;true;true;true;1723473000000000;10:30 - 10:45;true;true;false;1723473300000000;1723473600000000;true;5.0;10.0;10:30 - 10:45;10:30 - 10:45;true;true;1.4;1.6;1.0;1.2;1.5;0.3;0.9;0.9;0.6;0.3;1.5;Weak Uptrend;Weak Downtrend;true;true;1.5
2024-08-13;true;true;false;true;false;true;true;true;1723565100000000;12:00 - 12:15;true;true;true;1723565400000000;1723570800000000;true;5.0;95.0;13:30 - 13:45;12:00 - 12:15;;;3.3;3.8;1.0;1.1;3.4;1.0;0.1;0.7;2.4;0.2;3.4;Expansion;Weak Downtrend;false;true;2.2
2024-08-14;false;false;true;false;true;true;true;true;1723662600000000;15:00 - 15:15;false;true;false;1723662900000000;1723662900000000;false;5.0;5.0;15:15 - 15:30;15:15 - 15:30;false;false;-0.0;-0.1;-0.1;-0.2;-0.1;0.0;0.9;0.3;0.0;-0.1;0.4;Expansion;Strong Uptrend;false;false;9.5
2024-08-15;true;true;true;true;true;true;false;false;1723735200000000;11:15 - 11:30;true;false;false;1723735800000000;1723738800000000;true;10.0;60.0;12:15 - 12:30;11:30 - 11:45;false;false;1.2;1.9;0.7;0.9;1.3;-3.4;0.3;0.7;-2.9;-3.4;1.3;Strong Uptrend;Strong Downtrend;true;true;1.6
2024-08-16;false;true;true;true;true;true;false;false;1723822200000000;11:30 - 11:45;false;false;false;1723822500000000;1723822500000000;true;5.0;5.0;11:30 - 11:45;11:30 - 11:45;false;true;-0.1;-0.4;0.0;-0.2;-0.2;2.1;0.7;0.3;1.9;-0.2;2.1;Expansion;Strong Uptrend;true;false;4.3
2024-08-19;false;true;false;true;false;true;true;true;1724088600000000;13:30 - 13:45;true;true;false;1724088900000000;1724088900000000;false;5.0;5.0;13:30 - 13:45;13:30 - 13:45;false;false;1.3;1.3;1.2;1.2;1.4;0.8;0.8;0.2;1.0;0.2;1.4;Expansion;Contraction;false;true;3.9
2024-08-20;false;false;true;false;true;true;true;true;1724164500000000;10:30 - 10:45;false;true;true;1724165100000000;1724170200000000;true;10.0;95.0;12:00 - 12:15;10:45 - 11:00;false;true;-0.9;-1.5;0.0;-0.3;-1.0;0.0;0.6;0.1;-0.2;-1.0;0.2;Medium Downtrend;Strong Uptrend;false;true;6.7
2024-08-21;true;true;false;true;false;true;true;true;1724264400000000;14:15 - 14:30;true;true;true;1724264700000000;1724270100000000;false;5.0;95.0;15:45 - 16:00;14:15 - 14:30;true;;2.0;2.4;1.1;1.2;2.1;1.1;0.5;0.6;2.1;0.3;2.1;Expansion;Strong Uptrend;true;false;7.7
2024-08-22;false;false;true;false;true;true;true;true;1724337900000000;10:45 - 11:00;false;true;true;1724339100000000;1724341800000000;true;20.0;65.0;11:45 - 12:00;11:00 - 11:15;false;true;-0.6;-1.0;0.8;0.9;-0.6;0.8;0.7;0.4;-0.3;-0.6;0.8;Medium Downtrend;Medium Downtrend;true;true;1.4
2024-08-23;true;true;true;true;true;true;false;false;1724424300000000;10:45 - 11:00;false;false;false;1724424600000000;1724424600000000;true;5.0;5.0;10:45 - 11:00;10:45 - 11:00;false;false;-0.0;-0.1;0.0;0.0;-0.1;1.9;0.1;0.6;1.8;-0.1;1.9;Expansion;Strong Uptrend;true;false;4.7
2024-08-26;false;false;true;false;true;true;true;true;1724682900000000;10:30 - 10:45;false;true;false;1724684100000000;1724685300000000;true;20.0;40.0;11:15 - 11:30;10:45 - 11:00;false;false;-0.2;-0.4;0.4;0.3;-0.3;0.9;0.9;0.4;0.1;-0.3;0.9;Expansion;Strong Downtrend;true;false;2.3
2024-08-27;false;false;true;false;true;true;true;true;1724770800000000;11:00 - 11:15;false;true;false;1724771400000000;1724772900000000;true;10.0;35.0;11:30 - 11:45;11:00 - 11:15;false;false;-0.4;-0.7;0.3;0.2;-0.5;0.5;0.9;0.3;0.4;-0.5;0.5;Strong Downtrend;Weak Downtrend;true;false;3.3
2024-08-28;false;false;true;false;true;true;true;true;1724856000000000;10:30 - 10:45;false;true;true;1724856900000000;1724862000000000;true;15.0;100.0;12:15 - 12:30;10:45 - 11:00;false;false;-1.6;-2.7;0.0;-0.1;-1.7;0.7;0.8;0.4;-0.5;-1.7;0.7;Medium Uptrend;Medium Downtrend;true;true;1.1
2024-08-29;true;true;true;true;true;true;false;false;1724942400000000;10:30 - 10:45;true;false;false;1724943300000000;1724945400000000;true;15.0;50.0;11:30 - 11:45;10:45 - 11:00;false;;1.4;1.5;0.9;0.9;1.5;-2.0;0.1;0.6;-1.4;-2.0;1.5;Strong Uptrend;Strong Uptrend;false;false;3.2
2024-08-30;false;false;true;false;true;true;true;true;1725028800000000;10:30 - 10:45;false;true;true;1725029100000000;1725035100000000;true;5.0;105.0;12:15 - 12:30;10:45 - 11:00;false;true;-1.2;-2.3;0.0;-0.4;-1.3;0.4;0.6;0.3;-0.4;-1.3;0.4;Expansion;Weak Uptrend;true;true;2.8
2024-09-02;true;true;false;true;false;true;true;true;1725287400000000;10:30 - 10:45;true;true;false;1725287700000000;1725287700000000;false;5.0;5.0;10:30 - 10:45;10:30 - 10:45;false;false;2.3;2.3;1.8;1.8;2.4;0.7;0.5;1.0;0.8;0.7;2.4;Strong Uptrend;Weak Uptrend;true;true;0.8
2024-09-03;false;false;true;false;true;true;true;true;1725374700000000;10:45 - 11:00;false;true;false;1725375000000000;1725375000000000;false;5.0;5.0;10:45 - 11:00;10:45 - 11:00;false;false;-0.1;-0.2;-0.1;-0.1;-0.2;0.3;0.9;0.1;0.2;-0.2;0.3;Expansion;Medium Downtrend;true;false;6.4
2024-09-04;false;true;false;true;false;true;true;true;1725460800000000;10:30 - 10:45;true;true;true;1725461100000000;1725467700000000;false;5.0;115.0;12:30 - 12:45;10:45 - 11:00;;;4.2;6.0;1.6;2.0;4.3;1.6;0.7;0.5;3.4;0.5;4.3;Weak Downtrend;Strong Downtrend;true;true;0.9
2024-09-05;true;false;true;false;true;true;true;true;1725548400000000;11:00 - 11:15;false;true;true;1725549000000000;1725550200000000;true;10.0;30.0;11:30 - 11:45;11:00 - 11:15;false;true;-0.9;-1.1;0.1;0.0;-1.0;0.3;0.2;0.6;-0.6;-1.0;0.8;Expansion;Strong Downtrend;false;true;2.0
2024-09-06;false;false;true;false;true;true;true;true;1725633900000000;10:45 - 11:00;false;true;true;1725634800000000;1725651300000000;true;15.0;290.0;15:30 - 15:45;11:00 - 11:15;false;false;-0.6;-0.7;0.1;0.1;-0.7;0.1;0.9;0.0;-0.6;-0.7;0.1;Expansion;Expansion;false;true;1.8
2024-09-09;false;true;true;true;true;true;false;false;1725892200000000;10:30 - 10:45;false;false;false;1725892500000000;1725892500000000;false;5.0;5.0;10:30 - 10:45;10:30 - 10:45;false;false;-0.3;-0.5;-0.1;-0.1;-0.4;2.8;0.4;0.0;2.6;-0.4;2.8;Strong Uptrend;Weak Downtrend;true;true;2.6
2024-09-10;true;true;false;true;false;true;true;true;1725981900000000;11:15 - 11:30;true;true;true;1725984000000000;1725998100000000;true;35.0;270.0;15:45 - 16:00;12:00 - 12:15;false;true;2.7;3.3;0.2;-0.0;2.8;0.2;0.8;1.0;2.6;0.2;2.8;Medium Downtrend;Weak Uptrend;true;true;1.1
2024-09-11;false;true;true;true;true;true;false;false;1726065900000000;10:45 - 11:00;false;false;false;1726066200000000;1726066200000000;true;5.0;5.0;10:45 - 11:00;10:45 - 11:00;false;false;-0.0;-0.1;0.0;0.0;-0.1;1.9;1.0;0.2;1.6;-0.1;1.9;Expansion;Strong Downtrend;false;false;4.2
2024-09-12;true;true;false;true;false;true;true;true;1726151400000000;10:30 - 10:45;true;true;true;1726151700000000;1726151700000000;true;5.0;5.0;10:30 - 10:45;10:30 - 10:45;true;false;1.2;1.2;0.9;0.8;1.3;0.1;0.5;1.0;1.2;0.1;1.4;Expansion;Strong Uptrend;true;true;3.3
2024-09-13;true;true;false;true;false;true;true;true;1726238700000000;10:45 - 11:00;true;true;true;1726239000000000;1726255800000000;true;5.0;285.0;15:30 - 15:45;10:45 - 11:00;false;false;3.3;3.6;0.9;0.9;3.4;0.9;0.1;0.7;3.0;0.3;3.4;Expansion;Medium Downtrend;true;false;1.9
2024-09-16;false;false;true;false;true;true;true;true;1726497000000000;10:30 - 10:45;false;true;false;1726501800000000;1726506600000000;true;80.0;160.0;13:00 - 13:15;11:45 - 12:00;false;false;-0.7;-0.9;0.0;0.0;-0.8;0.4;0.9;0.0;0.0;-0.8;0.4;Strong Downtrend;Medium Downtrend;true;false;1.9
2024-09-17;true;true;false;true;false;true;true;true;1726585200000000;11:00 - 11:15;true;true;false;1726585500000000;1726586400000000;false;5.0;20.0;11:15 - 11:30;11:00 - 11:15;false;false;1.6;1.8;1.2;1.4;1.7;0.5;0.3;0.9;0.7;0.5;1.7;Strong Uptrend;Strong Uptrend;true;true;5.8
2024-09-18;false;true;true;true;true;true;false;false;1726675200000000;12:00 - 12:15;false;false;false;1726675500000000;1726675500000000;true;5.0;5.0;12:00 - 12:15;12:00 - 12:15;false;false;-0.0;-0.2;0.3;0.3;-0.1;3.2;0.9;0.5;1.1;-0.2;3.2;Strong Downtrend;Strong Uptrend;false;true;3.7
2024-09-19;true;true;false;true;false;true;true;true;1726756200000000;10:30 - 10:45;true;true;false;1726758600000000;1726767900000000;true;40.0;195.0;13:45 - 14:00;11:00 - 11:15;;;1.5;1.8;0.3;0.2;1.6;0.3;0.8;0.9;0.8;0.3;1.6;Strong Uptrend;Contraction;false;false;3.6
2024-09-20;true;true;true;true;true;true;false;false;1726842600000000;10:30 - 10:45;true;false;false;1726842900000000;1726842900000000;true;5.0;5.0;10:30 - 10:45;10:30 - 10:45;true;false;1.3;1.3;1.0;1.1;1.4;-0.3;0.5;1.0;0.3;-0.3;1.4;Strong Downtrend;Strong Uptrend;false;true;1.9
2024-09-23;true;false;false;false;false;false;false;false;;;false;true;false;;;false;;;;;false;false;;;;;;;0.3;0.7;0.3;0.0;1.0;Expansion;Medium Uptrend;false;false;2.9
2024-09-24;false;true;true;true;false;true;true;false;1727199300000000;13:30 - 13:45;true;true;true;1727201700000000;1727207700000000;true;40.0;140.0;15:45 - 16:00;14:15 - 14:30;false;;1.6;1.6;0.8;0.8;1.7;0.8;0.7;0.1;1.5;-0.1;1.7;Expansion;Medium Uptrend;true;true;3.5
2024-09-25;true;true;true;true;true;true;false;false;1727274900000000;10:30 - 10:45;true;false;false;1727275500000000;1727276700000000;true;10.0;30.0;11:00 - 11:15;10:45 - 11:00;false;false;1.2;1.3;0.7;0.6;1.3;-0.5;0.4;0.9;-0.1;-0.5;1.3;Expansion;Strong Downtrend;true;false;2.9
2024-09-26;true;true;false;true;false;true;true;true;1727364600000000;11:30 - 11:45;true;true;false;1727366400000000;1727370300000000;true;30.0;95.0;13:00 - 13:15;12:00 - 12:15;false;false;1.5;1.9;0.9;1.2;1.6;0.5;0.3;0.6;0.5;0.2;1.6;Strong Uptrend;Strong Uptrend;true;false;6.5
2024-09-27;true;true;false;true;false;true;true;true;1727447400000000;10:30 - 10:45;true;true;false;1727447700000000;1727447700000000;true;5.0;5.0;10:30 - 10:45;10:30 - 10:45;false;false;1.1;1.2;1.0;1.0;1.2;0.2;0.3;1.0;0.3;0.2;1.2;Weak Uptrend;Strong Uptrend;true;true;3.9
2024-09-30;false;false;true;false;true;true;true;true;1727712000000000;12:00 - 12:15;false;true;true;1727712900000000;1727721000000000;true;15.0;150.0;14:30 - 14:45;12:15 - 12:30;false;false;-1.0;-1.3;0.3;0.3;-1.1;0.3;0.7;0.5;-0.3;-1.1;0.8;Strong Downtrend;Strong Downtrend;false;true;1.4
2024-10-01;false;false;true;false;true;true;true;true;1727794800000000;11:00 - 11:15;false;true;true;1727797200000000;1727803200000000;true;40.0;140.0;13:15 - 13:30;11:30 - 11:45;false;false;-1.4;-1.9;0.3;0.2;-1.5;0.3;0.9;0.2;-0.7;-1.5;0.4;Strong Downtrend;Strong Uptrend;false;true;5.0
2024-10-02;true;true;true;true;true;true;false;false;1727882400000000;11:15 - 11:30;true;false;false;1727882700000000;1727885100000000;true;5.0;45.0;12:00 - 12:15;11:15 - 11:30;false;false;1.6;1.6;1.0;1.0;1.7;-0.4;0.4;0.7;-0.3;-0.4;1.7;Medium Downtrend;Strong Uptrend;false;true;3.3
2024-10-03;false;true;true;true;false;true;true;false;1727983800000000;15:30 - 15:45;true;true;true;1727984400000000;1727985300000000;true;10.0;25.0;15:45 - 16:00;15:30 - 15:45;true;false;1.2;1.6;1.0;1.3;1.3;1.0;0.6;0.4;1.2;-0.0;1.3;Medium Downtrend;Strong Uptrend;false;true;1.4
2024-10-04;false;true;false;true;false;true;true;true;1728058800000000;12:15 - 12:30;true;true;true;1728063300000000;1728071700000000;true;75.0;215.0;15:45 - 16:00;13:30 - 13:45;;;1.5;1.7;1.0;1.1;1.6;1.0;0.7;0.2;1.5;0.1;1.6;Expansion;Strong Uptrend;true;true;2.4
2024-10-07;true;false;true;false;true;true;true;true;1728326700000000;14:45 - 15:00;false;true;false;1728327000000000;1728327000000000;true;5.0;5.0;14:45 - 15:00;14:45 - 15:00;false;false;-0.1;-0.1;0.0;-0.1;-0.2;0.3;0.1;0.8;0.2;-0.2;0.9;Expansion;Strong Uptrend;false;true;5.5
2024-10-08;false;false;true;false;true;true;true;true;1728401100000000;11:15 - 11:30;false;true;true;1728406500000000;1728414900000000;true;90.0;230.0;15:15 - 15:30;12:45 - 13:00;false;true;-0.6;-0.7;0.2;0.2;-0.7;0.2;0.2;0.0;-0.2;-0.7;0.5;Medium Uptrend;Weak Downtrend;true;true;1.8
2024-10-09;true;true;true;true;true;true;false;false;1728486600000000;11:00 - 11:15;true;false;false;1728486900000000;1728489300000000;false;5.0;45.0;11:45 - 12:00;11:15 - 11:30;false;false;2.0;2.8;1.1;1.4;2.1;-2.1;0.8;1.0;-1.6;-2.1;2.1;Strong Downtrend;Medium Uptrend;false;true;1.8
2024-10-10;false;false;true;false;true;true;true;true;1728571200000000;10:30 - 10:45;false;true;true;1728576000000000;1728584700000000;true;80.0;225.0;14:15 - 14:30;12:00 - 12:15;false;false;-2.9;-3.1;0.8;0.8;-3.0;0.8;0.9;0.2;-1.5;-3.0;0.8;Expansion;Strong Uptrend;false;false;2.1
2024-10-11;true;true;false;true;false;true;true;true;1728659100000000;11:00 - 11:15;true;true;true;1728660600000000;1728673800000000;false;25.0;245.0;15:00 - 15:15;11:30 - 11:45;false;false;3.5;3.7;1.1;1.2;3.6;1.1;0.1;0.7;3.1;0.5;3.6;Strong Uptrend;Strong Uptrend;true;true;2.2
2024-10-14;true;true;false;true;false;true;true;true;1728916800000000;10:30 - 10:45;true;true;false;1728917100000000;1728917100000000;false;5.0;5.0;10:45 - 11:00;10:45 - 11:00;false;false;1.1;1.1;1.1;1.1;1.2;0.7;0.1;1.0;0.9;0.7;1.2;Medium Uptrend;Strong Uptrend;true;true;2.3
2024-10-15;true;false;true;false;true;true;true;true;1729003200000000;10:30 - 10:45;false;true;false;1729003500000000;1729004700000000;true;5.0;25.0;11:00 - 11:15;10:45 - 11:00;false;false;-0.4;-0.5;0.0;0.0;-0.5;0.7;0.0;0.4;0.5;-0.5;0.7;Medium Uptrend;Strong Downtrend;false;true;8.8
2024-10-16;false;false;false;false;false;false;false;false;;;false;true;false;;;false;;;;;false;false;;;;;;;0.6;0.5;0.4;0.1;0.7;Strong Uptrend;Contraction;true;true;5.1
2024-10-17;false;true;false;true;false;true;true;true;1729179000000000;11:30 - 11:45;true;true;false;1729179300000000;1729179300000000;false;5.0;5.0;11:30 - 11:45;11:30 - 11:45;false;;1.4;1.8;1.1;1.3;1.5;0.1;0.5;0.5;0.3;0.1;1.5;Expansion;Strong Downtrend;true;false;3.9
2024-10-18;true;true;false;true;false;true;true;true;1729265100000000;11:15 - 11:30;true;true;true;1729267800000000;1729277100000000;true;45.0;200.0;14:45 - 15:00;12:00 - 12:15;false;false;1.6;1.7;0.9;0.9;1.7;0.9;0.2;0.7;1.1;0.7;1.7;Expansion;Strong Uptrend;false;true;2.8
2024-10-21;false;false;true;false;true;true;true;true;1729521300000000;10:30 - 10:45;false;true;false;1729521600000000;1729523100000000;true;5.0;30.0;11:00 - 11:15;10:30 - 10:45;false;;-0.3;-0.5;0.2;0.2;-0.4;1.0;0.9;0.3;0.8;-0.4;1.0;Strong Downtrend;Strong Downtrend;false;true;2.5
2024-10-22;false;true;false;true;false;true;true;true;1729608600000000;10:45 - 11:00;true;true;false;1729609200000000;1729609200000000;true;10.0;10.0;11:00 - 11:15;11:00 - 11:15;false;true;1.1;1.3;1.0;1.2;1.2;0.3;0.6;0.6;0.9;0.3;1.2;Weak Downtrend;Medium Uptrend;false;true;2.7
2024-10-23;true;false;true;false;true;true;true;true;1729695600000000;11:00 - 11:15;false;true;false;1729695900000000;1729707300000000;false;5.0;195.0;14:15 - 14:30;11:00 - 11:15;false;false;-2.3;-2.9;-0.1;-0.2;-2.4;0.2;0.2;0.7;0.1;-2.4;0.9;Medium Downtrend;Strong Downtrend;false;true;2.2
2024-10-24;false;true;true;true;true;true;false;false;1729786200000000;12:00 - 12:15;false;false;false;;;false;;;;;false;false;;;;;-0.4;1.7;0.2;0.1;1.7;-0.4;1.7;Strong Uptrend;Strong Uptrend;false;false;2.0
2024-10-25;true;true;true;false;true;true;true;false;1729871400000000;11:45 - 12:00;false;true;true;1729872600000000;1729879800000000;true;20.0;140.0;14:00 - 14:15;12:00 - 12:15;false;false;-1.6;-1.9;0.0;0.0;-1.7;0.0;0.2;0.9;-0.9;-1.7;1.0;Medium Uptrend;Strong Downtrend;true;true;2.3
2024-10-28;false;true;true;true;true;true;false;false;1730127900000000;11:00 - 11:15;false;false;false;1730128200000000;1730129400000000;true;5.0;25.0;11:30 - 11:45;11:00 - 11:15;false;false;-0.4;-0.6;0.0;-0.1;-0.5;2.0;0.3;0.1;1.5;-0.5;2.0;Strong Uptrend;Expansion;true;true;0.7
2024-10-29;true;true;false;true;false;true;true;true;1730216400000000;11:30 - 11:45;true;true;true;1730216700000000;1730229000000000;false;5.0;210.0;15:00 - 15:15;11:45 - 12:00;false;true;2.3;2.6;1.2;1.3;2.4;1.2;0.3;0.7;1.4;0.6;2.4;Weak Uptrend;Strong Uptrend;true;true;2.7
2024-10-30;true;true;false;true;false;true;true;true;1730298900000000;10:30 - 10:45;true;true;false;1730299200000000;1730299200000000;true;5.0;5.0;10:30 - 10:45;10:30 - 10:45;false;true;1.0;1.1;1.0;1.0;1.1;0.2;0.5;0.8;0.5;0.2;1.1;Weak Downtrend;Strong Downtrend;true;false;2.9
2024-10-31;false;false;true;false;true;true;true;true;1730385900000000;10:45 - 11:00;false;true;true;1730388000000000;1730404500000000;true;35.0;310.0;15:45 - 16:00;11:15 - 11:30;false;false;-0.6;-0.8;0.1;0.1;-0.7;0.1;0.9;0.1;-0.7;-0.7;0.3;Strong Downtrend;Weak Downtrend;true;false;4.0
2024-11-01;true;true;true;true;true;true;false;false;1730475600000000;11:30 - 11:45;false;true;true;1730477700000000;1730488200000000;true;35.0;210.0;15:00 - 15:15;12:15 - 12:30;false;false;-0.8;-0.9;0.2;0.2;-0.9;0.2;0.0;0.9;-0.6;-0.9;1.0;Strong Uptrend;Strong Downtrend;true;true;4.7
2024-11-04;false;true;true;true;true;true;false;false;1730735400000000;10:45 - 11:00;true;false;false;1730736300000000;1730736600000000;true;15.0;20.0;11:00 - 11:15;11:00 - 11:15;true;false;1.3;1.5;0.7;0.7;1.4;-2.0;1.0;0.8;-1.6;-2.0;1.4;Expansion;Contraction;true;true;2.4
2024-11-05;true;true;true;true;true;true;false;false;1730820600000000;10:30 - 10:45;false;false;false;1730824500000000;1730836500000000;true;65.0;265.0;14:45 - 15:00;11:30 - 11:45;false;false;-0.5;-0.6;1.2;1.3;-0.6;1.2;0.0;0.0;0.1;-0.6;1.2;Strong Uptrend;Strong Uptrend;true;false;3.6
2024-11-06;true;true;false;true;false;true;true;true;1730916300000000;13:00 - 13:15;true;true;true;1730917200000000;1730926500000000;false;15.0;170.0;15:45 - 16:00;13:15 - 13:30;false;true;2.1;2.5;1.1;1.1;2.2;1.1;0.6;0.7;2.0;0.3;2.2;Medium Uptrend;Strong Uptrend;true;true;1.6
2024-11-07;true;true;false;true;false;true;true;true;1730993700000000;10:30 - 10:45;true;true;true;1730997300000000;1731010800000000;false;60.0;285.0;15:15 - 15:30;11:30 - 11:45;false;true;2.2;2.6;1.1;1.2;2.3;1.1;0.4;0.9;1.9;0.8;2.3;Expansion;Strong Downtrend;false;true;2.1
2024-11-08;true;true;false;true;false;true;true;true;1731090300000000;13:15 - 13:30;true;true;true;1731090600000000;1731095100000000;false;5.0;80.0;14:45 - 15:00;13:30 - 13:45;true;true;1.7;1.8;1.1;1.2;1.8;0.9;0.7;1.0;1.1;0.2;1.8;Expansion;Weak Downtrend;true;true;1.9
2024-11-11;true;true;false;true;false;true;true;true;1731339000000000;10:30 - 10:45;true;true;true;1731339600000000;1731358200000000;true;10.0;320.0;15:45 - 16:00;10:30 - 10:45;false;false;2.5;2.7;1.0;1.0;2.6;1.0;0.2;1.0;2.4;1.0;2.6;Strong Uptrend;Strong Uptrend;true;true;6.4
2024-11-12;true;true;false;true;false;true;true;true;1731430200000000;11:45 - 12:00;true;true;true;1731434100000000;1731444900000000;true;65.0;245.0;15:45 - 16:00;12:45 - 13:00;false;false;2.0;2.4;0.7;0.7;2.0;0.7;0.4;0.7;1.9;0.3;2.0;Strong Downtrend;Medium Uptrend;false;true;4.3
2024-11-13;true;true;true;true;true;true;false;false;1731512400000000;10:30 - 10:45;true;false;false;1731512700000000;1731514500000000;false;5.0;35.0;11:15 - 11:30;10:45 - 11:00;false;false;1.6;1.7;1.1;1.1;1.7;-0.1;0.2;1.0;0.1;-0.1;1.7;Strong Uptrend;Medium Downtrend;true;true;3.8
2024-11-14;false;false;true;false;true;true;true;true;1731599100000000;10:45 - 11:00;false;true;true;1731607500000000;1731617700000000;true;140.0;310.0;15:45 - 16:00;13:00 - 13:15;false;false;-0.2;-0.4;0.3;0.3;-0.3;0.3;0.8;0.2;-0.3;-0.3;0.3;Expansion;Medium Uptrend;true;true;3.8
2024-11-15;false;true;true;true;false;true;true;false;1731699300000000;14:30 - 14:45;true;true;true;1731700500000000;1731704100000000;false;20.0;80.0;15:45 - 16:00;14:45 - 15:00;false;false;1.6;1.8;1.1;1.1;1.7;1.1;0.8;0.2;1.7;-0.0;1.7;Medium Uptrend;Contraction;true;true;3.0
2024-11-18;true;true;true;true;true;true;false;false;1731943800000000;10:30 - 10:45;true;false;true;1731944100000000;1731945600000000;true;5.0;30.0;11:00 - 11:15;10:30 - 10:45;false;false;2.3;3.2;1.0;1.2;2.4;-0.1;0.5;0.8;1.5;-0.1;2.4;Strong Downtrend;Strong Uptrend;false;true;2.3
2024-11-19;true;true;false;true;false;true;true;true;1732031100000000;10:45 - 11:00;true;true;true;1732034100000000;1732043400000000;true;50.0;205.0;14:00 - 14:15;11:30 - 11:45;true;true;2.5;3.0;0.9;1.1;2.6;0.9;0.4;0.4;1.2;0.3;2.6;Expansion;Strong Uptrend;true;false;2.9
2024-11-20;true;true;true;true;true;true;false;false;1732116900000000;10:30 - 10:45;true;false;false;1732117200000000;1732118400000000;true;5.0;25.0;11:00 - 11:15;10:30 - 10:45;false;false;1.0;1.4;0.8;0.8;1.1;-0.6;0.7;0.8;0.5;-0.6;1.1;Strong Uptrend;Strong Uptrend;true;true;1.7
2024-11-21;false;true;true;true;true;true;false;false;1732203000000000;10:30 - 10:45;false;false;false;1732203300000000;1732203600000000;true;5.0;10.0;10:30 - 10:45;10:30 - 10:45;false;true;-0.2;-0.3;0.2;0.2;-0.3;1.8;0.7;0.0;1.2;-0.3;1.8;Expansion;Strong Uptrend;true;true;3.6
2024-11-22;true;true;false;true;false;true;true;true;1732289700000000;10:30 - 10:45;true;true;true;1732291800000000;1732304100000000;true;35.0;240.0;14:30 - 14:45;11:00 - 11:15;false;false;1.9;2.0;0.9;0.9;2.0;0.9;0.5;1.0;1.5;0.9;2.0;Strong Downtrend;Strong Uptrend;false;true;2.7
2024-11-25;false;false;true;false;true;true;true;true;1732564800000000;15:00 - 15:15;false;true;false;1732565100000000;1732565100000000;true;5.0;5.0;15:00 - 15:15;15:00 - 15:15;false;false;-0.0;-0.2;0.1;-0.1;-0.1;0.2;0.9;0.5;0.1;-0.1;0.6;Strong Downtrend;Medium Uptrend;true;false;6.9
2024-11-26;true;true;true;true;true;true;false;false;1732638000000000;11:15 - 11:30;true;false;false;1732638300000000;1732639500000000;false;5.0;25.0;11:45 - 12:00;11:15 - 11:30;false;false;1.5;1.8;1.1;1.3;1.6;-0.5;0.2;0.8;-0.4;-0.5;1.6;Weak Downtrend;Weak Downtrend;false;true;1.3
2024-11-27;true;true;false;true;false;true;true;true;1732721400000000;10:30 - 10:45;true;true;true;1732723500000000;1732739100000000;false;35.0;295.0;15:15 - 15:30;11:00 - 11:15;false;false;4.1;6.0;1.3;1.6;4.2;1.3;0.4;0.5;3.4;0.4;4.2;Strong Uptrend;Strong Uptrend;false;false;2.3
2024-11-28;false;false;true;false;true;true;true;true;1732808700000000;10:45 - 11:00;false;true;true;1732809000000000;1732809000000000;false;5.0;5.0;10:45 - 11:00;10:45 - 11:00;false;true;-0.1;-0.2;-0.2;-0.2;-0.2;0.2;0.5;0.5;-0.2;-0.2;0.4;Expansion;Strong Downtrend;false;false;1.5
2024-11-29;true;false;true;false;true;true;true;true;1732901100000000;12:15 - 12:30;false;true;true;1732901400000000;1732903800000000;true;5.0;45.0;13:00 - 13:15;12:30 - 12:45;false;false;-0.2;-0.2;0.1;0.1;-0.3;0.1;0.0;0.6;-0.1;-0.3;0.9;Strong Uptrend;Contraction;true;true;7.0
2024-12-02;true;true;true;true;true;true;false;false;1733154000000000;10:30 - 10:45;true;false;false;1733154600000000;1733155500000000;true;10.0;25.0;11:00 - 11:15;10:45 - 11:00;false;false;1.1;1.2;0.8;0.9;1.2;-1.1;0.2;0.8;-0.1;-1.1;1.2;Medium Uptrend;Strong Downtrend;false;true;1.2
2024-12-03;true;false;false;false;false;false;false;false;;;false;true;false;;;false;;;;;false;true;;;;;;;0.1;0.8;0.7;0.4;0.9;Expansion;Medium Downtrend;false;true;9.8
2024-12-04;true;true;true;true;true;true;false;false;1733328300000000;11:00 - 11:15;false;false;false;1733328600000000;1733331000000000;false;5.0;45.0;11:45 - 12:00;11:00 - 11:15;false;false;-0.9;-1.8;-0.1;-0.6;-1.0;3.3;0.3;0.6;3.1;-1.0;3.3;Strong Downtrend;Strong Uptrend;true;false;4.0
2024-12-05;false;false;true;false;true;true;true;true;1733412900000000;10:30 - 10:45;false;true;true;1733415600000000;1733430600000000;true;45.0;295.0;15:30 - 15:45;11:15 - 11:30;false;true;-1.7;-2.6;0.1;-0.1;-1.8;0.1;0.6;0.2;-1.3;-1.8;0.3;Expansion;Strong Uptrend;true;true;3.5
2024-12-06;false;true;false;true;false;true;true;true;1733506500000000;12:30 - 12:45;true;true;true;1733506800000000;1733517600000000;false;5.0;185.0;15:30 - 15:45;12:30 - 12:45;false;false;3.6;4.6;1.4;1.6;3.7;1.4;0.8;0.6;3.2;0.3;3.7;Strong Uptrend;Strong Uptrend;false;true;1.7
2024-12-09;false;false;true;false;true;true;true;true;1733758200000000;10:30 - 10:45;false;true;true;1733761200000000;1733777700000000;true;50.0;325.0;15:45 - 16:00;11:15 - 11:30;false;true;-0.8;-1.0;0.0;0.0;-0.9;0.0;0.3;0.0;-0.9;-0.9;0.1;Expansion;Strong Downtrend;false;true;2.8
2024-12-10;false;false;true;false;true;true;true;true;1733844900000000;10:30 - 10:45;false;true;true;1733845500000000;1733854200000000;false;10.0;155.0;13:00 - 13:15;10:45 - 11:00;false;false;-1.6;-1.8;-0.2;-0.2;-1.7;-0.1;0.7;0.0;-0.3;-1.7;0.2;Expansion;Contraction;true;true;2.9
2024-12-11;true;true;false;true;false;true;true;true;1733933700000000;11:15 - 11:30;true;true;true;1733940000000000;1733949900000000;true;105.0;270.0;15:45 - 16:00;13:00 - 13:15;false;false;1.3;1.5;0.6;0.6;1.4;0.6;0.2;0.9;1.3;0.6;1.4;Medium Uptrend;Strong Uptrend;true;true;2.0
2024-12-12;true;true;true;true;true;true;false;false;1734018300000000;10:45 - 11:00;true;false;false;1734018600000000;1734020100000000;true;5.0;30.0;11:15 - 11:30;10:45 - 11:00;true;true;1.6;1.7;0.8;0.8;1.7;-1.1;0.8;0.8;-0.5;-1.1;1.7;Weak Uptrend;Strong Downtrend;true;false;2.1
2024-12-13;true;true;true;true;true;true;false;false;1734105000000000;10:45 - 11:00;false;false;false;1734105300000000;1734105300000000;false;5.0;5.0;10:45 - 11:00;10:45 - 11:00;true;false;-0.4;-0.6;-0.2;-0.4;-0.5;1.4;0.1;0.8;1.1;-0.5;1.4;Medium Uptrend;Expansion;true;true;2.6
2024-12-16;true;true;false;true;false;true;true;true;1734365400000000;11:00 - 11:15;true;true;false;1734367500000000;1734373800000000;true;35.0;140.0;13:30 - 13:45;11:45 - 12:00;false;false;1.5;1.7;1.0;1.1;1.6;0.7;0.1;1.0;0.7;0.7;1.6;Expansion;Contraction;false;true;3.9
2024-12-17;false;false;true;false;true;true;true;true;1734449400000000;10:30 - 10:45;false;true;false;1734449700000000;1734449700000000;true;5.0;5.0;10:30 - 10:45;10:30 - 10:45;true;false;-0.0;-0.1;0.2;0.1;-0.1;0.7;0.7;0.0;0.3;-0.1;0.7;Expansion;Strong Uptrend;false;true;3.0
2024-12-18;false;true;true;true;true;true;false;false;1734538500000000;11:15 - 11:30;false;false;true;1734545700000000;1734554700000000;true;120.0;270.0;15:45 - 16:00;13:15 - 13:30;false;true;-3.3;-3.5;1.2;1.2;-3.4;1.2;0.9;0.4;-2.9;-3.4;1.2;Expansion;Strong Downtrend;true;true;1.9
2024-12-19;false;false;true;false;true;true;true;true;1734622500000000;10:30 - 10:45;false;true;true;1734626100000000;1734639000000000;true;60.0;275.0;15:00 - 15:15;11:30 - 11:45;false;false;-1.2;-1.3;0.4;0.4;-1.3;0.4;0.8;0.0;-1.1;-1.3;0.4;Expansion;Strong Uptrend;true;true;6.6
2024-12-20;true;true;false;true;false;true;true;true;1734709200000000;10:30 - 10:45;true;true;false;1734713400000000;1734723300000000;true;70.0;235.0;14:30 - 14:45;11:45 - 12:00;false;false;1.3;1.4;0.7;0.7;1.4;0.7;0.1;1.0;0.7;0.7;1.4;Weak Downtrend;Weak Downtrend;false;true;0.9
2024-12-23;false;false;true;false;true;true;true;true;1734969000000000;10:45 - 11:00;false;true;true;1734972900000000;1734985200000000;true;65.0;270.0;15:15 - 15:30;11:45 - 12:00;false;false;-0.3;-0.4;0.4;0.3;-0.3;0.4;0.9;0.0;-0.1;-0.3;0.4;Expansion;Medium Uptrend;true;true;5.3
2024-12-24;true;true;false;true;false;true;true;true;1735054200000000;10:30 - 10:45;true;true;true;1735054500000000;1735064100000000;true;5.0;165.0;13:15 - 13:30;10:30 - 10:45;false;false;2.5;2.9;1.0;1.1;2.6;1.0;0.3;1.0;1.9;0.8;2.6;Strong Uptrend;Contraction;false;false;2.6
2024-12-26;true;true;false;true;false;true;true;true;1735229400000000;11:00 - 11:15;true;true;false;1735230600000000;1735232100000000;true;20.0;45.0;11:45 - 12:00;11:30 - 11:45;false;false;1.4;1.5;0.8;0.8;1.5;0.2;0.6;1.0;0.4;0.2;1.5;Medium Downtrend;Strong Downtrend;false;true;0.5
2025-01-15;true;true;true;true;false;true;true;false;1736970900000000;14:45 - 15:00;true;true;false;1736971200000000;1736972400000000;true;5.0;25.0;15:15 - 15:30;15:00 - 15:15;;;1.7;2.0;1.0;1.1;1.8;0.7;0.2;1.0;0.8;-0.0;1.8;;;;;
2025-01-16;false;true;false;true;false;true;true;true;1737043200000000;11:00 - 11:15;true;true;true;1737044100000000;1737059400000000;true;15.0;270.0;15:30 - 15:45;11:15 - 11:30;false;false;1.5;1.6;0.9;0.9;1.6;0.9;1.0;0.6;1.5;0.4;1.6;Weak Downtrend;Strong Downtrend;false;true;1.8
2025-01-17;true;true;false;true;false;true;true;true;1737130200000000;11:00 - 11:15;true;true;true;1737136200000000;1737143700000000;true;100.0;225.0;14:45 - 15:00;12:45 - 13:00;false;false;1.8;1.9;0.9;0.9;1.9;0.9;0.3;0.9;1.2;0.7;1.9;Strong Uptrend;Strong Uptrend;true;true;2.8
2025-01-20;false;false;true;false;true;true;true;true;1737387900000000;10:45 - 11:00;false;true;true;1737391200000000;1737394800000000;true;55.0;115.0;12:30 - 12:45;11:30 - 11:45;false;false;-3.0;-3.6;0.3;0.3;-3.1;0.3;0.6;0.4;-1.5;-3.1;0.4;Weak Downtrend;Strong Uptrend;true;false;1.6
2025-01-21;false;true;false;true;false;true;true;true;1737475800000000;11:00 - 11:15;true;true;true;1737478500000000;1737484500000000;true;45.0;145.0;13:30 - 13:45;11:45 - 12:00;true;false;1.8;1.8;0.9;0.9;1.9;0.9;1.0;0.4;1.4;0.3;1.9;Strong Uptrend;Contraction;true;true;4.1
2025-01-22;false;false;true;false;true;true;true;true;1737564000000000;11:30 - 11:45;false;true;false;1737564300000000;1737564300000000;true;5.0;5.0;11:45 - 12:00;11:45 - 12:00;false;false;-0.1;-0.6;0.0;-0.4;-0.2;0.7;0.6;0.5;0.4;-0.3;0.7;Weak Downtrend;Strong Downtrend;false;false;2.4
2025-01-23;true;true;false;true;false;true;true;true;1737648600000000;11:00 - 11:15;true;true;false;1737648900000000;1737648900000000;true;5.0;5.0;11:15 - 11:30;11:15 - 11:30;false;false;1.2;1.2;1.0;1.0;1.3;0.1;0.1;0.6;0.3;0.1;1.3;Weak Uptrend;Strong Downtrend;false;true;6.1
2025-01-24;true;true;true;true;false;true;true;false;1737739200000000;12:15 - 12:30;true;true;false;1737740100000000;1737743100000000;true;15.0;65.0;13:15 - 13:30;12:30 - 12:45;false;false;1.5;1.6;1.0;1.0;1.6;-0.0;0.4;0.7;0.1;-0.0;1.6;Expansion;Strong Uptrend;true;true;2.5
2025-01-27;true;false;true;false;true;true;true;true;1737995400000000;11:30 - 11:45;false;true;false;1737995700000000;1738003800000000;true;5.0;140.0;13:45 - 14:00;11:30 - 11:45;false;false;-0.9;-1.3;0.0;-0.2;-1.0;0.6;0.1;0.6;0.4;-1.0;0.7;Strong Uptrend;Strong Downtrend;true;false;2.8
2025-01-28;true;true;true;true;true;true;false;false;1738078200000000;10:30 - 10:45;true;false;false;1738078500000000;1738078500000000;true;5.0;5.0;10:30 - 10:45;10:30 - 10:45;false;false;1.1;1.2;1.0;1.1;1.2;-0.6;0.5;1.0;-0.6;-0.6;1.4;Expansion;Medium Uptrend;false;false;3.5
2025-01-29;false;true;true;true;true;true;false;false;1738171800000000;12:30 - 12:45;true;false;true;1738178100000000;1738182600000000;true;105.0;180.0;15:30 - 15:45;14:15 - 14:30;false;false;3.4;4.3;-0.1;-0.2;3.5;-0.1;0.6;0.5;2.8;-0.1;3.5;Strong Downtrend;Strong Uptrend;false;true;2.7
2025-01-30;true;false;true;false;true;true;true;true;1738261500000000;13:15 - 13:30;false;true;false;1738267800000000;1738270500000000;true;105.0;150.0;15:45 - 16:00;15:00 - 15:15;false;true;-0.0;-0.1;0.5;0.7;-0.1;0.5;0.0;0.3;0.0;-0.1;0.8;Expansion;Strong Uptrend;true;false;3.6
2025-01-31;true;true;true;true;true;true;false;false;1738337400000000;10:30 - 10:45;true;false;false;1738338900000000;1738338900000000;false;25.0;25.0;10:45 - 11:00;10:45 - 11:00;false;false;1.6;1.8;1.2;1.3;1.7;-2.1;0.6;1.0;-2.0;-2.1;1.7;Medium Uptrend;Strong Downtrend;false;false;3.4
2025-02-03;true;true;false;true;false;true;true;true;1738597200000000;10:30 - 10:45;true;true;true;1738604100000000;1738614600000000;true;115.0;290.0;15:30 - 15:45;12:30 - 12:45;false;false;1.8;2.0;0.9;0.9;1.9;0.9;0.1;1.0;1.7;0.9;1.9;Expansion;Strong Downtrend;true;false;5.3
2025-02-04;false;true;true;true;true;true;false;false;1738696500000000;14:15 - 14:30;true;false;false;1738697700000000;1738697700000000;true;20.0;20.0;14:30 - 14:45;14:30 - 14:45;false;true;1.2;1.2;0.9;0.9;1.3;-0.2;0.5;0.4;0.2;-0.2;1.3;Medium Uptrend;Strong Downtrend;true;true;2.3
2025-02-05;false;false;true;false;true;true;true;true;1738771800000000;11:00 - 11:15;false;true;true;1738774200000000;1738782000000000;true;40.0;170.0;14:00 - 14:15;11:45 - 12:00;false;true;-0.8;-1.2;0.3;0.4;-0.9;0.3;0.7;0.4;-0.4;-0.9;0.4;Weak Uptrend;Contraction;false;false;3.0
2025-02-06;false;false;true;false;true;true;true;true;1738855800000000;10:30 - 10:45;false;true;true;1738857600000000;1738871100000000;false;30.0;255.0;14:45 - 15:00;11:00 - 11:15;false;false;-1.3;-1.6;0.0;-0.1;-1.4;0.0;0.5;0.0;-0.5;-1.4;0.0;Expansion;Strong Uptrend;true;true;3.7
2025-02-07;false;false;true;false;true;true;true;true;1738948500000000;12:15 - 12:30;false;true;true;1738953300000000;1738961700000000;true;80.0;220.0;15:45 - 16:00;13:30 - 13:45;false;;-0.8;-1.1;0.2;0.1;-0.9;0.2;0.8;0.3;-0.8;-0.9;0.6;Strong Uptrend;Medium Uptrend;true;true;4.1
2025-02-10;false;false;true;false;true;true;true;true;1739201700000000;10:30 - 10:45;false;true;false;1739203800000000;1739205300000000;true;35.0;60.0;11:30 - 11:45;11:00 - 11:15;false;true;-0.0;-0.2;0.4;0.4;-0.1;0.7;0.7;0.1;0.3;-0.1;0.7;Expansion;Strong Uptrend;true;false;2.1
2025-02-11;true;false;true;false;true;true;true;true;1739291100000000;11:15 - 11:30;false;true;true;1739291400000000;1739302500000000;false;5.0;190.0;14:30 - 14:45;11:30 - 11:45;false;false;-2.5;-4.5;-0.1;-0.4;-2.6;-0.1;0.3;0.3;-2.0;-2.6;0.6;Strong Downtrend;Strong Uptrend;true;false;4.8
2025-02-12;true;true;false;true;false;true;true;true;1739379000000000;11:45 - 12:00;true;true;true;1739387400000000;1739391900000000;false;140.0;215.0;15:15 - 15:30;14:00 - 14:15;true;false;2.0;2.5;1.3;1.5;2.1;1.3;0.2;0.8;1.7;0.4;2.1;Strong Downtrend;Strong Uptrend;false;false;3.9
2025-02-13;false;true;true;false;true;true;true;false;;;false;true;false;;;false;;;;;false;false;;;;;;;0.5;0.5;0.8;-0.2;1.0;Expansion;Strong Downtrend;true;true;3.2
2025-02-14;false;true;false;true;false;true;true;true;1739552100000000;11:45 - 12:00;true;true;false;1739553000000000;1739555700000000;true;15.0;60.0;12:45 - 13:00;12:00 - 12:15;true;true;1.9;2.1;0.7;0.8;2.0;0.6;0.3;0.2;0.8;0.2;2.0;Expansion;Medium Uptrend;true;false;6.2
2025-02-17;false;false;true;false;true;true;true;true;1739806200000000;10:30 - 10:45;false;true;true;1739806500000000;1739818800000000;false;5.0;210.0;14:00 - 14:15;10:30 - 10:45;false;false;-2.9;-3.2;-0.3;-0.4;-3.0;-0.3;0.4;0.0;-1.1;-3.0;-0.1;Strong Uptrend;Weak Downtrend;true;true;1.3
2025-02-18;false;false;true;false;true;true;true;true;1739895600000000;11:15 - 11:30;false;true;true;1739895900000000;1739905500000000;true;5.0;165.0;14:00 - 14:15;11:15 - 11:30;false;false;-1.4;-1.5;0.0;0.0;-1.5;0.0;0.9;0.0;-0.9;-1.5;0.2;Medium Uptrend;Strong Downtrend;true;true;2.7
2025-02-19;false;false;true;false;false;false;false;true;;;false;true;false;;;false;;;;;false;false;;;;;;;0.7;0.4;0.5;-0.1;0.8;Expansion;Medium Uptrend;true;true;5.2
2025-02-20;false;true;false;true;false;true;true;true;1740074400000000;13:00 - 13:15;true;true;true;1740075000000000;1740083100000000;true;10.0;145.0;15:15 - 15:30;13:00 - 13:15;true;false;1.4;1.6;1.0;1.0;1.5;1.0;0.8;0.3;1.3;0.1;1.5;Expansion;Strong Uptrend;true;true;3.5
2025-02-21;false;false;true;false;true;true;true;true;1740152100000000;10:30 - 10:45;false;true;true;1740154800000000;1740171300000000;true;45.0;320.0;15:45 - 16:00;11:15 - 11:30;false;false;-1.8;-3.5;0.6;0.5;-1.9;0.6;0.8;0.3;-1.8;-1.9;0.6;Expansion;Strong Downtrend;true;true;14.7
2025-02-24;false;false;true;false;true;true;true;true;1740411300000000;10:30 - 10:45;false;true;true;1740417600000000;1740426300000000;true;105.0;250.0;14:45 - 15:00;12:15 - 12:30;true;false;-0.2;-0.4;0.6;0.7;-0.3;0.6;0.7;0.0;-0.1;-0.3;0.6;Weak Downtrend;Medium Downtrend;true;true;2.9
2025-02-25;false;false;true;false;true;true;true;true;1740497400000000;10:30 - 10:45;false;true;false;1740497700000000;1740497700000000;true;5.0;5.0;10:30 - 10:45;10:30 - 10:45;false;false;-0.0;-0.1;0.2;0.1;-0.1;0.9;1.0;0.1;0.6;-0.1;0.9;Medium Downtrend;Strong Downtrend;false;true;3.1
2025-02-26;true;false;true;false;true;true;true;true;1740594300000000;13:15 - 13:30;false;true;true;1740594600000000;1740601200000000;true;5.0;115.0;15:15 - 15:30;13:30 - 13:45;false;false;-1.0;-1.3;0.0;-0.1;-1.1;0.0;0.1;0.7;-0.4;-1.1;0.8;Weak Downtrend;Weak Downtrend;true;false;4.8
2025-02-27;false;false;true;false;true;true;true;true;1740675000000000;11:45 - 12:00;false;true;true;1740677400000000;1740688200000000;true;40.0;220.0;15:30 - 15:45;12:30 - 12:45;false;true;-1.0;-1.4;0.2;0.1;-1.1;0.2;0.9;0.6;-0.7;-1.1;0.8;Weak Downtrend;Strong Uptrend;true;true;3.6
2025-02-28;true;true;false;true;false;true;true;true;1740760500000000;11:30 - 11:45;true;true;false;1740766800000000;1740768600000000;true;105.0;135.0;13:45 - 14:00;13:15 - 13:30;false;false;1.2;1.2;0.7;0.7;1.3;0.7;0.3;1.0;1.0;0.7;1.3;Strong Uptrend;Strong Downtrend;true;true;3.0
2025-03-03;false;false;true;false;true;true;true;true;1741025700000000;13:15 - 13:30;false;true;true;1741026000000000;1741034400000000;true;5.0;145.0;15:30 - 15:45;13:15 - 13:30;false;false;-0.8;-1.0;0.0;-0.1;-0.9;0.0;0.9;0.4;-0.7;-0.9;0.5;Expansion;Strong Downtrend;true;true;3.6
2025-03-04;false;true;false;true;false;true;true;true;1741109700000000;12:30 - 12:45;true;true;true;1741110000000000;1741119600000000;true;5.0;165.0;15:15 - 15:30;12:30 - 12:45;false;true;2.1;2.6;1.0;1.1;2.2;1.0;0.4;0.3;1.6;0.2;2.2;Expansion;Strong Downtrend;true;false;4.3
2025-03-05;false;true;true;true;true;true;false;false;1741192200000000;11:30 - 11:45;false;false;false;;;false;;;;;false;false;;;;;-0.2;1.4;0.9;0.0;1.3;-0.2;1.4;Strong Uptrend;Strong Uptrend;true;true;6.1
2025-03-06;true;true;true;false;true;true;true;false;1741280400000000;12:00 - 12:15;false;true;true;1741282200000000;1741289400000000;false;30.0;150.0;14:30 - 14:45;12:30 - 12:45;false;false;-0.5;-0.7;-0.1;-0.2;-0.6;0.1;0.3;0.8;-0.1;-0.6;1.0;Weak Downtrend;Strong Uptrend;false;false;5.3
2025-03-07;true;false;true;false;true;true;true;true;1741361400000000;10:30 - 10:45;false;true;true;1741362600000000;1741367700000000;true;20.0;105.0;12:15 - 12:30;10:45 - 11:00;true;false;-0.9;-1.4;0.2;0.0;-1.0;0.2;0.1;0.2;-0.8;-1.0;0.2;Strong Uptrend;Contraction;true;true;6.6
2025-03-10;false;false;true;false;true;true;true;true;1741624500000000;12:30 - 12:45;false;true;true;1741624800000000;1741633200000000;true;5.0;145.0;15:00 - 15:15;12:30 - 12:45;false;false;-0.5;-0.7;0.0;-0.1;-0.6;0.0;0.9;0.1;-0.1;-0.6;0.4;Expansion;Strong Uptrend;false;false;6.1
2025-03-11;false;true;true;true;true;true;false;false;1741703700000000;10:30 - 10:45;false;false;false;1741704000000000;1741704000000000;false;5.0;5.0;10:30 - 10:45;10:30 - 10:45;false;false;-0.3;-0.5;-0.2;-0.3;-0.4;1.8;0.8;0.0;1.6;-0.4;1.8;Expansion;Strong Uptrend;true;true;3.9
2025-03-12;false;false;true;false;true;true;true;true;1741789800000000;10:30 - 10:45;false;true;false;1741790100000000;1741791900000000;false;5.0;35.0;11:00 - 11:15;10:30 - 10:45;false;false;-0.9;-1.3;-0.2;-0.3;-1.0;0.5;0.6;0.1;0.4;-1.0;0.5;Medium Uptrend;Strong Downtrend;true;true;1.5
2025-03-13;false;false;true;false;true;true;true;true;1741879800000000;11:30 - 11:45;false;true;true;1741880400000000;1741887900000000;true;10.0;135.0;13:45 - 14:00;11:30 - 11:45;false;false;-0.9;-1.4;0.0;-0.2;-1.0;0.0;0.8;0.1;-0.9;-1.0;0.4;Medium Downtrend;Medium Downtrend;false;true;3.9
2025-03-14;false;true;false;true;false;true;true;true;1741964400000000;11:00 - 11:15;true;true;true;1741964700000000;1741966800000000;false;5.0;40.0;11:30 - 11:45;11:00 - 11:15;false;false;2.1;2.2;1.2;1.2;2.2;1.1;0.6;0.1;1.6;0.1;2.2;Strong Uptrend;Strong Uptrend;true;true;2.5
2025-03-17;false;true;false;true;false;true;true;true;1742227500000000;12:00 - 12:15;true;true;true;1742229900000000;1742240700000000;true;40.0;220.0;15:45 - 16:00;12:45 - 13:00;false;false;1.7;1.9;0.5;0.5;1.8;0.5;0.4;0.3;1.6;0.3;1.8;Expansion;Strong Uptrend;true;false;3.6
2025-03-18;false;true;false;false;false;false;false;true;;;false;true;false;;;false;;;;;false;false;;;;;;;1.0;0.3;0.9;0.0;1.0;Medium Downtrend;Strong Downtrend;true;true;1.4
2025-03-19;true;true;false;true;false;true;true;true;1742398800000000;11:30 - 11:45;true;true;true;1742407500000000;1742411400000000;true;145.0;210.0;15:00 - 15:15;14:00 - 14:15;false;false;2.8;3.2;0.1;-0.1;2.9;0.1;0.4;0.5;2.3;0.1;2.9;Strong Uptrend;Strong Uptrend;true;true;2.5
2025-03-20;true;false;true;false;true;true;true;true;1742484900000000;11:30 - 11:45;false;true;true;1742485500000000;1742489400000000;true;10.0;75.0;12:45 - 13:00;11:45 - 12:00;false;false;-1.0;-1.1;0.1;0.1;-1.1;0.1;0.0;0.8;-0.7;-1.1;0.8;Expansion;Strong Downtrend;false;false;7.4
2025-03-21;true;true;false;true;false;true;true;true;1742582100000000;14:30 - 14:45;true;true;false;1742582400000000;1742582400000000;true;5.0;5.0;14:30 - 14:45;14:30 - 14:45;false;;1.0;1.1;1.0;1.1;1.1;0.6;0.5;0.8;0.7;0.3;1.1;Expansion;Weak Downtrend;false;true;2.2
2025-03-24;true;false;false;false;false;false;false;false;;;false;true;false;;;false;;;;;false;false;;;;;;;0.0;0.7;0.6;0.3;0.8;Medium Uptrend;Strong Uptrend;true;true;3.6
2025-03-25;true;true;false;true;false;true;true;true;1742913600000000;10:30 - 10:45;true;true;true;1742921100000000;1742922600000000;true;125.0;150.0;13:00 - 13:15;12:45 - 13:00;false;false;1.4;1.6;0.7;0.8;1.5;0.6;0.7;0.8;1.2;0.6;1.5;Strong Uptrend;Strong Downtrend;true;true;2.0
2025-03-26;false;false;true;false;true;true;true;true;1743014700000000;14:45 - 15:00;false;true;false;1743015000000000;1743016200000000;false;5.0;25.0;15:00 - 15:15;14:45 - 15:00;false;;-0.3;-0.4;-0.1;-0.1;-0.4;0.1;0.7;0.1;0.0;-0.4;0.3;Medium Downtrend;Strong Uptrend;false;true;3.0
2025-03-27;true;true;false;true;false;true;true;true;1743085800000000;10:30 - 10:45;true;true;true;1743086100000000;1743088500000000;true;5.0;45.0;11:15 - 11:30;10:30 - 10:45;;;2.0;2.2;1.0;1.1;2.1;1.0;0.6;0.9;1.4;0.9;2.1;Strong Downtrend;Strong Uptrend;false;false;6.5
2025-03-28;false;false;true;false;true;true;true;true;1743172200000000;10:30 - 10:45;false;true;true;1743176400000000;1743181800000000;true;70.0;160.0;13:00 - 13:15;11:30 - 11:45;false;false;-0.5;-0.6;0.2;0.2;-0.5;0.2;0.7;0.0;-0.4;-0.5;0.2;Weak Downtrend;Strong Downtrend;false;true;1.9
2025-03-31;true;true;false;true;false;true;true;true;1743432600000000;10:45 - 11:00;true;true;false;1743433800000000;1743434700000000;true;20.0;35.0;11:15 - 11:30;11:00 - 11:15;true;;1.1;1.3;1.0;1.1;1.2;0.4;0.5;0.7;0.5;0.4;1.2;Expansion;Weak Downtrend;false;true;3.5
2025-04-01;false;true;false;true;false;true;true;true;1743519000000000;10:45 - 11:00;true;true;true;1743519300000000;1743522300000000;false;5.0;55.0;11:45 - 12:00;10:45 - 11:00;true;true;2.1;2.4;1.2;1.3;2.2;1.2;0.9;0.4;1.8;0.4;2.2;Expansion;Strong Uptrend;true;true;6.1
2025-04-02;true;true;false;true;false;true;true;true;1743606300000000;11:00 - 11:15;true;true;true;1743606600000000;1743608400000000;false;5.0;35.0;11:30 - 11:45;11:00 - 11:15;false;true;1.7;1.8;1.1;1.1;1.8;1.1;0.2;0.8;1.5;0.7;1.8;Strong Uptrend;Strong Downtrend;true;true;3.9
2025-04-03;true;false;true;false;true;true;true;true;1743691500000000;10:45 - 11:00;false;true;false;1743692100000000;1743692700000000;false;10.0;20.0;11:00 - 11:15;10:45 - 11:00;false;false;-0.4;-0.6;-0.1;-0.2;-0.5;0.6;0.2;0.5;0.2;-0.5;0.6;Strong Downtrend;Medium Uptrend;true;false;2.9
2025-04-04;true;true;true;true;true;true;false;false;1743777900000000;10:45 - 11:00;false;false;false;1743778200000000;1743778200000000;true;5.0;5.0;10:45 - 11:00;10:45 - 11:00;true;;-0.2;-0.4;0.3;0.2;-0.3;1.7;0.3;0.3;1.3;-0.3;1.7;Weak Downtrend;Weak Uptrend;true;false;1.4
2025-04-07;true;false;false;false;false;false;false;false;;;false;true;false;;;false;;;;;true;false;;;;;;;0.2;0.4;0.4;0.2;0.7;Strong Uptrend;Strong Downtrend;true;true;5.8
2025-04-08;false;false;true;false;true;true;true;true;1744123200000000;10:30 - 10:45;false;true;true;1744123500000000;1744140900000000;false;5.0;295.0;15:30 - 15:45;10:45 - 11:00;false;false;-3.1;-4.2;-0.2;-0.3;-3.2;-0.2;0.8;0.0;-2.7;-3.2;0.2;Weak Uptrend;Contraction;false;false;1.9
2025-04-09;true;true;false;true;false;true;true;true;1744218000000000;13:00 - 13:15;true;true;true;1744218900000000;1744222800000000;true;15.0;80.0;14:15 - 14:30;13:15 - 13:30;false;false;4.1;5.2;0.5;0.7;4.2;0.5;0.1;0.6;3.7;0.1;4.2;Weak Uptrend;Strong Uptrend;false;true;1.4
2025-04-10;false;false;true;false;true;true;true;true;1744298100000000;11:15 - 11:30;false;true;true;1744298400000000;1744300800000000;false;5.0;45.0;12:00 - 12:15;11:15 - 11:30;false;true;-1.7;-2.7;-0.1;-0.3;-1.8;-0.1;0.8;0.5;-0.8;-1.8;0.9;Weak Downtrend;Strong Downtrend;false;true;1.3
2025-04-11;false;true;false;true;false;true;true;true;1744392900000000;13:30 - 13:45;true;true;true;1744393500000000;1744394700000000;false;10.0;30.0;14:00 - 14:15;13:45 - 14:00;false;false;1.4;1.4;1.2;1.3;1.5;1.1;0.5;0.1;1.3;0.1;1.5;Medium Uptrend;Strong Uptrend;true;true;3.5
2025-04-14;true;true;true;true;true;true;false;false;1744641300000000;10:30 - 10:45;true;false;false;1744641600000000;1744642200000000;false;5.0;15.0;10:45 - 11:00;10:30 - 10:45;false;true;1.6;1.9;1.3;1.4;1.7;-0.2;0.9;1.0;0.9;-0.2;1.7;Expansion;Contraction;true;true;1.9
2025-04-15;false;false;true;false;true;true;true;true;1744731900000000;11:45 - 12:00;false;true;true;1744733100000000;1744746300000000;true;20.0;240.0;15:45 - 16:00;12:00 - 12:15;false;false;-0.5;-0.8;0.1;0.0;-0.6;0.1;0.6;0.1;-0.6;-0.6;0.3;Expansion;Strong Uptrend;true;false;4.3
2025-04-16;true;true;true;true;true;true;false;false;1744814400000000;10:30 - 10:45;true;false;false;1744815300000000;1744824600000000;false;15.0;170.0;13:30 - 13:45;10:45 - 11:00;false;true;2.1;2.3;1.1;1.1;2.2;-0.2;0.3;0.9;0.9;-0.2;2.2;Medium Uptrend;Contraction;false;false;1.9
2025-04-17;false;true;true;true;true;true;false;false;1744900200000000;10:30 - 10:45;false;false;false;1744900500000000;1744900500000000;false;5.0;5.0;10:30 - 10:45;10:30 - 10:45;false;false;-0.2;-0.2;-0.1;-0.1;-0.3;2.0;0.9;0.0;1.2;-0.3;2.0;Medium Downtrend;Strong Uptrend;false;true;1.7
2025-04-21;true;true;true;false;true;true;true;false;1745254800000000;13:00 - 13:15;false;true;false;1745255100000000;1745255100000000;false;5.0;5.0;13:00 - 13:15;13:00 - 13:15;false;false;-0.3;-0.4;-0.2;-0.3;-0.4;0.3;0.2;0.9;0.2;-0.4;1.0;Expansion;Strong Uptrend;false;true;5.6
2025-04-22;true;true;false;true;false;true;true;true;1745332500000000;10:30 - 10:45;true;true;true;1745336400000000;1745344800000000;true;65.0;205.0;14:00 - 14:15;11:30 - 11:45;false;false;1.9;2.4;1.0;1.1;2.0;1.0;0.2;0.8;1.7;0.7;2.0;Strong Uptrend;Strong Uptrend;true;true;3.2
2025-04-23;false;false;true;false;true;true;true;true;1745421000000000;11:00 - 11:15;false;true;false;1745421300000000;1745421900000000;false;5.0;15.0;11:15 - 11:30;11:15 - 11:30;true;false;-0.3;-0.5;-0.1;-0.1;-0.4;0.7;0.6;0.2;0.3;-0.4;0.7;Expansion;Weak Uptrend;true;false;2.6
2025-04-24;false;true;false;true;false;true;true;true;1745506200000000;10:45 - 11:00;true;true;true;1745516700000000;1745524500000000;true;175.0;305.0;15:45 - 16:00;13:45 - 14:00;false;true;1.6;1.7;0.2;0.2;1.7;0.2;0.3;0.3;1.6;0.2;1.7;Medium Uptrend;Strong Downtrend;false;false;1.4
2025-04-25;true;true;false;true;false;true;true;true;1745592300000000;10:45 - 11:00;true;true;false;1745592600000000;1745592900000000;true;5.0;10.0;10:45 - 11:00;10:45 - 11:00;false;false;1.3;1.4;1.0;1.0;1.4;0.3;0.2;0.6;1.0;0.3;1.4;Strong Uptrend;Weak Downtrend;true;true;3.6
2025-04-28;false;false;true;false;true;true;true;true;1745853900000000;11:15 - 11:30;false;true;false;1745854200000000;1745857200000000;true;5.0;55.0;12:15 - 12:30;11:30 - 11:45;true;true;-0.3;-0.4;0.0;-0.1;-0.4;0.6;0.9;0.5;0.5;-0.4;0.6;Expansion;Strong Uptrend;true;false;4.6
2025-04-29;false;true;false;true;false;true;true;true;1745937300000000;10:30 - 10:45;true;true;true;1745940300000000;1745945100000000;true;50.0;130.0;12:45 - 13:00;11:15 - 11:30;false;true;1.7;2.2;0.3;-0.0;1.8;0.2;0.6;0.4;1.3;0.2;1.8;Expansion;Medium Downtrend;true;true;2.4
2025-04-30;false;false;false;false;false;false;false;false;;;false;true;false;;;false;;;;;false;false;;;;;;;0.9;0.6;0.6;0.3;0.9;Medium Downtrend;Strong Uptrend;false;false;4.5
2025-05-01;false;true;false;true;false;true;true;true;1746111300000000;10:45 - 11:00;true;true;false;1746111600000000;1746112500000000;false;5.0;20.0;11:15 - 11:30;11:00 - 11:15;false;false;2.0;2.1;1.2;1.3;2.1;0.7;1.0;0.8;0.8;0.5;2.1;Strong Uptrend;Strong Uptrend;true;true;3.0
2025-05-02;true;true;true;true;true;true;false;false;1746196200000000;10:30 - 10:45;true;false;false;1746196500000000;1746198000000000;false;5.0;30.0;11:00 - 11:15;10:30 - 10:45;false;false;2.3;2.9;1.2;1.3;2.4;-0.0;0.6;0.9;0.4;-0.0;2.4;Medium Uptrend;Contraction;true;true;1.2
2025-05-05;false;true;false;true;false;true;true;true;1746466500000000;13:30 - 13:45;true;true;false;1746467100000000;1746472500000000;true;10.0;100.0;15:15 - 15:30;13:45 - 14:00;false;false;1.4;1.7;1.0;1.1;1.5;0.8;0.7;0.4;0.9;0.0;1.5;Strong Downtrend;Medium Uptrend;false;true;3.6
2025-05-06;true;true;false;true;false;true;true;true;1746545700000000;11:30 - 11:45;true;true;true;1746550500000000;1746559800000000;true;80.0;235.0;15:30 - 15:45;12:45 - 13:00;false;true;1.3;1.6;0.7;0.8;1.4;0.7;0.3;0.8;1.3;0.6;1.4;Expansion;Medium Downtrend;false;true;4.5
2025-05-07;true;true;true;false;true;true;true;false;1746634800000000;12:15 - 12:30;false;true;true;1746636600000000;1746646200000000;true;30.0;190.0;15:30 - 15:45;12:45 - 13:00;false;false;-1.2;-1.3;0.3;0.2;-1.3;0.3;0.0;0.9;-0.7;-1.3;1.0;Weak Uptrend;Contraction;true;true;1.6
2025-05-08;true;true;false;true;false;true;true;true;1746714600000000;10:30 - 10:45;true;true;true;1746716400000000;1746725100000000;true;30.0;175.0;13:15 - 13:30;11:00 - 11:15;false;true;4.6;6.6;0.5;0.7;4.7;0.5;0.7;0.8;4.0;0.5;4.7;Weak Uptrend;Strong Uptrend;true;true;1.5
2025-05-09;false;false;true;false;true;true;true;true;1746801300000000;10:30 - 10:45;false;true;false;1746802800000000;1746809700000000;true;25.0;140.0;12:45 - 13:00;11:00 - 11:15;false;false;-0.2;-0.2;0.5;0.6;-0.3;0.6;0.3;0.0;0.5;-0.3;0.6;Weak Downtrend;Medium Uptrend;false;true;1.0
2025-05-12;false;false;true;false;true;true;true;true;1747062000000000;11:00 - 11:15;false;true;true;1747063200000000;1747075500000000;true;20.0;225.0;14:45 - 15:00;11:15 - 11:30;true;true;-1.0;-1.4;0.2;0.1;-1.1;0.2;0.7;0.1;-0.5;-1.1;0.4;Medium Downtrend;Weak Uptrend;false;true;1.1
2025-05-13;false;true;false;true;false;true;true;true;1747152600000000;12:00 - 12:15;true;true;true;1747157700000000;1747165500000000;true;85.0;215.0;15:45 - 16:00;13:30 - 13:45;false;false;1.9;2.7;0.8;0.9;2.0;0.8;0.9;0.6;1.9;0.2;2.0;Medium Uptrend;Weak Uptrend;true;true;3.2
2025-05-14;false;false;true;false;true;true;true;true;1747233000000000;10:30 - 10:45;false;true;false;1747239000000000;1747243500000000;true;100.0;175.0;13:15 - 13:30;12:00 - 12:15;false;false;-0.4;-0.4;0.3;0.4;-0.5;0.4;0.7;0.0;0.1;-0.5;0.4;Expansion;Strong Downtrend;false;false;3.2
2025-05-15;false;true;true;true;true;true;false;false;1747323600000000;11:30 - 11:45;true;true;true;1747323900000000;1747330800000000;false;5.0;120.0;13:30 - 13:45;11:45 - 12:00;false;true;2.2;3.0;1.2;1.5;2.3;0.9;0.9;0.4;1.4;-0.1;2.3;Expansion;Strong Downtrend;false;false;1.7
2025-05-16;true;true;true;true;true;true;false;false;1747406400000000;10:30 - 10:45;false;false;false;1747406700000000;1747406700000000;true;5.0;5.0;10:45 - 11:00;10:45 - 11:00;false;true;-0.1;-0.3;0.2;0.1;-0.2;1.5;0.1;0.6;0.8;-0.2;1.5;Weak Downtrend;Weak Uptrend;false;true;1.4
2025-05-19;true;true;false;true;false;true;true;true;1747665900000000;10:45 - 11:00;true;true;true;1747666200000000;1747677600000000;false;5.0;195.0;14:00 - 14:15;10:45 - 11:00;false;true;2.2;2.5;1.2;1.2;2.3;1.2;0.2;0.8;2.3;0.8;2.3;Weak Uptrend;Strong Downtrend;true;true;1.3
2025-05-20;true;true;false;true;false;true;true;true;1747754700000000;11:15 - 11:30;true;true;true;1747755000000000;1747770900000000;false;5.0;270.0;15:45 - 16:00;11:30 - 11:45;false;false;3.9;4.5;1.1;1.3;4.0;1.1;0.6;0.7;3.7;0.4;4.0;Strong Downtrend;Medium Downtrend;false;true;1.1
2025-05-21;true;true;true;true;true;true;false;false;1747838700000000;10:45 - 11:00;true;false;true;1747839000000000;1747845900000000;false;5.0;120.0;12:45 - 13:00;10:45 - 11:00;;;2.5;2.8;1.3;1.4;2.6;-0.2;0.1;0.7;1.7;-0.2;2.6;Weak Downtrend;Expansion;false;true;1.0
2025-05-22;false;true;true;true;false;true;true;false;1747934400000000;13:15 - 13:30;true;true;false;1747935000000000;1747935000000000;false;10.0;10.0;13:30 - 13:45;13:30 - 13:45;false;false;1.3;1.9;1.1;1.4;1.4;0.3;0.8;0.7;0.6;-0.1;1.4;Weak Uptrend;Strong Uptrend;false;false;1.5
2025-05-23;true;false;true;false;true;true;true;true;1748016900000000;12:15 - 12:30;false;true;false;1748017200000000;1748017200000000;true;5.0;5.0;12:15 - 12:30;12:15 - 12:30;false;false;-0.2;-0.3;0.0;-0.1;-0.3;0.8;0.0;0.6;0.0;-0.4;0.9;Strong Downtrend;Strong Downtrend;true;false;4.5
2025-05-26;false;true;true;true;true;true;false;false;1748273400000000;11:30 - 11:45;true;false;false;1748274900000000;1748275500000000;true;25.0;35.0;12:00 - 12:15;11:45 - 12:00;false;true;2.1;2.2;1.0;1.0;2.2;-1.6;1.0;0.5;-0.8;-1.6;2.2;Medium Downtrend;Strong Uptrend;false;true;0.9
2025-05-27;false;false;true;false;true;true;true;true;1748356200000000;10:30 - 10:45;false;true;false;1748357100000000;1748358000000000;true;15.0;30.0;11:00 - 11:15;10:45 - 11:00;false;false;-0.3;-0.4;0.0;0.1;-0.4;0.8;0.8;0.0;0.3;-0.7;0.8;Medium Uptrend;Weak Downtrend;true;true;1.7
2025-05-28;false;false;true;false;true;true;true;true;1748442900000000;10:30 - 10:45;false;true;true;1748443500000000;1748462100000000;true;10.0;320.0;15:45 - 16:00;10:45 - 11:00;true;true;-0.5;-0.6;0.1;0.0;-0.6;0.1;0.7;0.1;-0.6;-0.6;0.1;Expansion;Weak Downtrend;true;false;4.3
2025-05-29;false;false;true;false;true;true;true;true;1748529000000000;10:30 - 10:45;false;true;true;1748530500000000;1748546100000000;true;25.0;285.0;15:15 - 15:30;10:45 - 11:00;false;false;-0.9;-0.9;0.5;0.5;-1.0;0.5;1.0;0.0;-0.9;-1.0;0.5;Expansion;Contraction;true;true;5.3
2025-05-30;false;false;true;false;true;true;true;true;1748622000000000;12:15 - 12:30;false;true;true;1748622300000000;1748623800000000;true;5.0;30.0;12:45 - 13:00;12:15 - 12:30;false;true;-1.4;-1.9;0.0;-0.1;-1.5;0.0;0.6;0.1;-0.6;-1.5;0.7;Weak Uptrend;Weak Downtrend;true;true;1.0
2025-06-02;true;true;false;true;false;true;true;true;1748874600000000;10:30 - 10:45;true;true;false;1748876700000000;1748888700000000;true;35.0;235.0;14:15 - 14:30;11:00 - 11:15;false;false;1.2;1.2;0.4;0.3;1.3;0.4;0.4;1.0;1.0;0.4;1.3;Strong Downtrend;Medium Downtrend;true;false;3.5
2025-06-03;true;true;false;true;false;true;true;true;1748961000000000;10:30 - 10:45;true;true;true;1748961300000000;1748964000000000;false;5.0;50.0;11:15 - 11:30;10:30 - 10:45;false;false;2.4;2.6;1.1;1.1;2.5;0.7;0.5;1.0;1.6;0.7;2.5;Weak Uptrend;Strong Downtrend;false;true;2.5
2025-06-04;false;true;false;true;false;true;true;true;1749050100000000;11:15 - 11:30;true;true;false;1749050400000000;1749051600000000;false;5.0;25.0;11:30 - 11:45;11:15 - 11:30;false;false;1.2;1.4;1.1;1.1;1.3;0.7;0.8;0.5;0.8;0.5;1.3;Medium Downtrend;Weak Downtrend;true;false;5.5
2025-06-05;false;false;true;false;true;true;true;true;1749141300000000;12:30 - 12:45;false;true;true;1749141600000000;1749150900000000;true;5.0;160.0;15:15 - 15:30;12:30 - 12:45;;;-1.0;-1.2;0.0;0.0;-1.1;0.0;0.9;0.1;-1.0;-1.1;0.5;Expansion;Strong Downtrend;true;true;9.7
2025-06-06;true;true;false;true;false;true;true;true;1749220800000000;10:30 - 10:45;true;true;false;1749221100000000;1749227100000000;false;5.0;105.0;12:15 - 12:30;10:45 - 11:00;false;false;1.9;2.2;1.1;1.2;2.0;0.3;0.2;1.0;0.5;0.3;2.0;Strong Uptrend;Strong Uptrend;true;true;1.9
2025-06-09;true;true;false;true;false;true;true;true;1749479400000000;10:30 - 10:45;true;true;true;1749481200000000;1749497100000000;true;30.0;295.0;15:15 - 15:30;11:00 - 11:15;false;false;2.1;2.6;0.8;0.8;2.2;0.8;0.8;0.8;2.0;0.8;2.2;Strong Uptrend;Medium Downtrend;true;true;4.5
2025-06-10;false;true;true;true;true;true;false;false;1749565800000000;10:30 - 10:45;false;false;false;1749568500000000;1749569400000000;true;45.0;60.0;11:30 - 11:45;11:15 - 11:30;false;false;-0.3;-0.5;0.4;0.4;-0.4;1.5;0.9;0.0;0.7;-0.4;1.5;Expansion;Strong Downtrend;true;true;2.4
2025-06-11;true;true;true;true;true;true;false;false;1749663900000000;13:45 - 14:00;false;true;true;1749664500000000;1749666600000000;false;10.0;45.0;14:30 - 14:45;13:45 - 14:00;false;false;-0.7;-0.9;-0.1;-0.2;-0.8;-0.1;0.4;0.8;-0.4;-0.8;1.0;Expansion;Strong Downtrend;false;true;4.0
2025-06-12;true;true;false;true;false;true;true;true;1749738900000000;10:30 - 10:45;true;true;false;1749743400000000;1749750600000000;true;75.0;195.0;13:45 - 14:00;11:45 - 12:00;false;false;1.9;2.3;0.4;0.2;2.0;0.2;0.3;1.0;0.3;0.2;2.0;Medium Downtrend;Strong Downtrend;false;true;2.0
2025-06-13;false;true;true;true;false;true;true;false;1749827100000000;11:00 - 11:15;true;true;false;1749827400000000;1749831300000000;true;5.0;70.0;12:15 - 12:30;11:00 - 11:15;false;false;1.5;1.6;1.0;1.0;1.6;0.5;0.7;0.1;0.9;-0.0;1.6;Expansion;Contraction;true;true;2.1
2025-06-16;true;true;false;true;false;true;true;true;1750084200000000;10:30 - 10:45;true;true;true;1750089300000000;1750101300000000;true;85.0;285.0;15:15 - 15:30;11:45 - 12:00;false;false;2.6;2.8;0.9;0.9;2.7;0.9;0.2;1.0;2.4;0.9;2.7;Expansion;Strong Uptrend;false;true;1.4
2025-06-17;false;false;true;false;true;true;true;true;1750172100000000;10:45 - 11:00;false;true;true;1750172700000000;1750179900000000;false;10.0;130.0;13:00 - 13:15;11:00 - 11:15;false;false;-1.9;-3.1;-0.1;-0.5;-2.0;0.4;0.8;0.4;-0.4;-2.0;0.5;Strong Downtrend;Contraction;false;true;1.9
2025-06-18;true;false;true;false;true;true;true;true;1750267800000000;13:30 - 13:45;false;true;true;1750271400000000;1750273200000000;true;60.0;90.0;15:00 - 15:15;14:30 - 14:45;false;false;-0.2;-0.3;0.5;0.5;-0.3;0.5;0.0;0.9;-0.1;-0.3;0.9;Expansion;Strong Uptrend;true;false;7.0
2025-06-19;false;true;true;true;true;true;false;false;1750344600000000;10:45 - 11:00;false;false;false;1750345800000000;1750352700000000;true;20.0;135.0;13:00 - 13:15;11:00 - 11:15;false;;-0.7;-0.7;0.5;0.5;-0.8;1.2;1.0;0.8;0.0;-0.8;1.2;Medium Downtrend;Weak Downtrend;true;true;2.4
2025-06-20;false;false;true;false;true;true;true;true;1750429800000000;10:30 - 10:45;false;true;true;1750430100000000;1750440900000000;true;5.0;185.0;13:30 - 13:45;10:30 - 10:45;false;;-2.6;-3.0;0.3;0.3;-2.7;0.3;0.9;0.2;-1.8;-2.7;0.3;Weak Uptrend;Weak Uptrend;true;true;0.9
2025-06-23;true;true;true;true;true;true;false;false;1750695600000000;12:15 - 12:30;false;false;false;1750695900000000;1750696500000000;false;5.0;15.0;12:30 - 12:45;12:15 - 12:30;false;false;-0.6;-0.9;-0.2;-0.4;-0.7;1.4;0.1;0.5;1.3;-0.7;1.4;Expansion;Strong Uptrend;false;true;5.1
2025-06-24;true;true;false;true;false;true;true;true;1750775400000000;10:30 - 10:45;true;true;true;1750780500000000;1750784400000000;true;85.0;150.0;13:00 - 13:15;11:45 - 12:00;false;true;2.1;2.2;0.5;0.5;2.2;0.5;0.4;0.9;1.2;0.5;2.2;Weak Downtrend;Expansion;false;true;0.8
2025-06-25;false;false;true;false;true;true;true;true;1750864500000000;11:15 - 11:30;false;true;false;1750864800000000;1750865400000000;false;5.0;15.0;11:30 - 11:45;11:15 - 11:30;;;-0.6;-1.0;-0.2;-0.5;-0.7;0.6;0.6;0.2;0.4;-0.7;0.6;Strong Uptrend;Medium Uptrend;true;true;2.2
2025-06-26;true;true;true;true;true;true;false;false;1750948200000000;10:30 - 10:45;true;false;true;1750948500000000;1750948500000000;false;5.0;5.0;10:30 - 10:45;10:30 - 10:45;false;false;1.7;2.3;1.4;1.9;1.8;-0.4;0.6;0.9;1.4;-0.4;1.8;Strong Downtrend;Strong Uptrend;false;true;1.6
2025-06-27;false;true;false;true;false;true;true;true;1751038800000000;11:30 - 11:45;true;true;false;1751039100000000;1751041800000000;true;5.0;50.0;12:30 - 12:45;11:45 - 12:00;false;false;1.6;1.9;1.0;1.1;1.7;0.1;0.4;0.3;0.5;0.0;1.7;Medium Downtrend;Expansion;false;true;0.9
2025-06-30;false;false;true;false;true;true;true;true;1751295000000000;10:45 - 11:00;false;true;false;1751295300000000;1751296800000000;false;5.0;30.0;11:15 - 11:30;10:45 - 11:00;false;false;-0.5;-0.7;-0.1;-0.2;-0.6;0.9;0.9;0.3;0.7;-0.6;0.9;Expansion;Strong Downtrend;false;false;2.7
2025-07-01;false;false;true;false;true;true;true;true;1751380800000000;10:30 - 10:45;false;true;true;1751390700000000;1751398800000000;true;165.0;300.0;15:30 - 15:45;13:15 - 13:30;false;;-1.0;-1.2;0.0;-0.1;-1.1;0.0;0.3;0.2;-1.0;-1.1;0.4;Expansion;Medium Downtrend;false;true;1.7
2025-07-02;true;true;false;true;false;true;true;true;1751468100000000;10:45 - 11:00;true;true;true;1751468400000000;1751476800000000;false;5.0;145.0;13:15 - 13:30;11:00 - 11:15;false;false;3.2;4.0;1.1;1.3;3.3;1.1;0.3;0.8;3.2;0.6;3.3;Strong Uptrend;Strong Uptrend;true;true;1.9
2025-07-03;true;false;true;false;true;true;true;true;1751556600000000;11:30 - 11:45;false;true;false;1751556900000000;1751558700000000;true;5.0;35.0;12:00 - 12:15;11:30 - 11:45;false;false;-0.2;-0.3;0.0;0.1;-0.3;0.4;0.0;0.5;0.3;-0.3;0.5;Weak Uptrend;Strong Uptrend;true;true;3.8
2025-07-04;false;false;true;false;true;true;true;true;1751645400000000;12:00 - 12:15;false;true;false;1751645700000000;1751646000000000;true;5.0;10.0;12:15 - 12:30;12:15 - 12:30;false;;-0.1;-0.2;0.1;0.0;-0.2;0.2;0.9;0.5;0.0;-0.2;0.4;Strong Downtrend;Strong Downtrend;false;true;3.2
2025-07-07;false;false;true;false;true;true;true;true;1751907300000000;12:45 - 13:00;false;true;false;1751909400000000;1751913000000000;true;35.0;95.0;14:30 - 14:45;13:30 - 13:45;false;false;-0.7;-1.2;0.6;0.5;-0.8;0.6;0.6;0.2;0.0;-0.8;0.9;Medium Downtrend;Medium Downtrend;false;true;1.4
2025-07-08;false;false;true;false;true;true;true;true;1751986500000000;10:45 - 11:00;false;true;false;1751987700000000;1751991300000000;true;20.0;80.0;12:15 - 12:30;11:15 - 11:30;false;false;-0.3;-0.4;0.1;0.1;-0.4;0.8;0.6;0.1;0.4;-0.4;0.8;Weak Uptrend;Weak Uptrend;true;true;3.0
2025-07-09;false;true;true;true;true;true;false;false;1752071400000000;10:30 - 10:45;false;false;false;1752071700000000;1752071700000000;false;5.0;5.0;10:30 - 10:45;10:30 - 10:45;false;false;-0.5;-0.7;-0.2;-0.3;-0.6;3.7;0.8;0.0;3.4;-0.6;3.7;Strong Uptrend;Weak Downtrend;false;false;3.8
2025-07-10;false;true;false;true;false;true;true;true;1752162600000000;11:45 - 12:00;true;true;true;1752162900000000;1752169800000000;true;5.0;120.0;13:45 - 14:00;11:45 - 12:00;false;true;3.6;4.4;1.0;1.1;3.7;1.0;0.7;0.5;3.2;0.5;3.7;Weak Downtrend;Weak Downtrend;false;true;3.3
2025-07-11;true;false;true;false;true;true;true;true;1752248700000000;11:45 - 12:00;false;true;false;1752249000000000;1752249900000000;true;5.0;20.0;12:00 - 12:15;11:45 - 12:00;false;false;-0.6;-1.1;0.0;-0.1;-0.7;0.9;0.4;0.7;0.9;-0.7;0.9;Expansion;Strong Uptrend;true;true;1.4
2025-07-14;false;false;true;false;true;true;true;true;1752503400000000;10:30 - 10:45;false;true;true;1752504900000000;1752509700000000;true;25.0;105.0;12:15 - 12:30;10:45 - 11:00;false;false;-1.8;-2.4;0.1;-0.1;-1.9;0.1;0.5;0.3;-1.2;-1.9;0.3;Medium Downtrend;Strong Uptrend;false;true;0.9
2025-07-15;false;false;true;false;true;true;true;true;1752589800000000;10:30 - 10:45;false;true;true;1752590100000000;1752591300000000;false;5.0;25.0;10:45 - 11:00;10:30 - 10:45;false;false;-1.8;-2.0;-0.2;-0.3;-1.9;0.1;0.1;0.0;-1.2;-1.9;0.1;Strong Uptrend;Strong Downtrend;false;true;1.2
2025-07-16;false;true;false;true;false;true;true;true;1752677100000000;10:45 - 11:00;true;true;true;1752680100000000;1752691500000000;true;50.0;240.0;14:45 - 15:00;11:30 - 11:45;false;false;2.2;2.5;0.3;0.1;2.3;0.3;0.9;0.4;1.5;0.2;2.3;Weak Uptrend;Strong Uptrend;true;true;3.4
2025-07-17;true;true;false;true;false;true;true;true;1752762600000000;10:30 - 10:45;true;true;true;1752770100000000;1752779700000000;true;125.0;285.0;15:15 - 15:30;12:30 - 12:45;false;false;1.9;1.9;0.7;0.7;2.0;0.7;0.3;1.0;1.2;0.7;2.0;Expansion;Strong Downtrend;true;false;1.8
2025-07-18;false;false;true;false;true;true;true;true;1752849000000000;10:30 - 10:45;false;true;true;1752850500000000;1752865200000000;true;25.0;270.0;15:00 - 15:15;10:45 - 11:00;false;false;-0.4;-0.5;0.4;0.4;-0.5;0.4;0.6;0.1;-0.3;-0.5;0.4;Strong Downtrend;Weak Uptrend;false;true;1.5
2025-07-21;true;true;true;false;true;true;true;false;1753113900000000;12:00 - 12:15;false;true;true;1753122000000000;1753127700000000;true;135.0;230.0;15:45 - 16:00;14:15 - 14:30;false;false;-1.7;-2.0;0.0;0.0;-1.8;0.0;0.0;0.8;-1.6;-1.8;1.1;Strong Downtrend;Strong Uptrend;false;true;1.9
2025-07-22;false;true;false;true;false;true;true;true;1753210200000000;14:45 - 15:00;true;true;false;1753210500000000;1753210500000000;false;5.0;5.0;14:45 - 15:00;14:45 - 15:00;false;false;1.2;1.4;1.1;1.2;1.3;0.8;0.9;0.5;0.9;0.4;1.3;Expansion;Strong Uptrend;false;false;2.7
2025-07-23;false;true;false;true;false;true;true;true;1753282500000000;10:45 - 11:00;true;true;true;1753283700000000;1753286100000000;true;20.0;60.0;11:45 - 12:00;11:15 - 11:30;false;false;1.8;1.8;0.8;0.8;1.9;0.1;1.0;1.0;1.4;0.1;1.9;Strong Downtrend;Strong Downtrend;false;false;2.8
2025-07-24;false;true;false;true;false;true;true;true;1753368300000000;10:45 - 11:00;true;true;true;1753368600000000;1753369500000000;false;5.0;20.0;11:00 - 11:15;10:45 - 11:00;true;false;1.8;2.0;1.1;1.2;1.9;0.6;1.0;0.4;1.3;0.6;1.9;Weak Uptrend;Medium Downtrend;true;true;0.7
2025-07-25;false;true;true;true;true;true;false;false;1753454100000000;10:30 - 10:45;false;false;false;1753455000000000;1753455300000000;true;15.0;20.0;10:45 - 11:00;10:45 - 11:00;false;true;-0.2;-0.5;0.0;-0.2;-0.3;1.3;0.6;0.2;1.0;-0.3;1.3;Medium Uptrend;Strong Downtrend;true;true;1.1
2025-07-28;false;false;true;false;true;true;true;true;1753714500000000;10:45 - 11:00;false;true;false;1753716600000000;1753727400000000;true;35.0;215.0;14:30 - 14:45;11:30 - 11:45;true;false;-0.5;-0.7;0.4;0.5;-0.6;0.4;0.5;0.0;0.0;-0.6;0.4;Medium Downtrend;Medium Downtrend;false;true;1.6
2025-07-29;false;false;true;false;true;true;true;true;1753800600000000;10:45 - 11:00;false;true;true;1753801800000000;1753806900000000;false;20.0;105.0;12:30 - 12:45;11:00 - 11:15;true;false;-1.0;-1.4;-0.1;-0.3;-1.1;0.0;0.9;0.2;-0.6;-1.1;0.3;Medium Downtrend;Strong Uptrend;false;true;2.0
2025-07-30;true;true;true;true;true;true;false;false;1753886100000000;10:30 - 10:45;true;false;false;1753886400000000;1753887600000000;true;5.0;25.0;11:00 - 11:15;10:30 - 10:45;false;false;2.1;3.0;1.0;1.3;2.2;-2.5;0.2;0.6;-0.9;-2.5;2.2;Strong Downtrend;Strong Uptrend;false;false;2.1
2025-07-31;false;true;true;true;true;true;false;false;1753979400000000;12:30 - 12:45;true;false;false;1753979700000000;1753979700000000;true;5.0;5.0;12:30 - 12:45;12:30 - 12:45;false;true;1.1;1.2;1.0;1.0;1.2;-1.1;0.4;0.2;-1.0;-1.1;1.2;Medium Downtrend;Strong Uptrend;false;true;2.9
2025-08-01;true;true;true;true;true;true;false;false;1754058600000000;10:30 - 10:45;true;false;false;1754058900000000;1754058900000000;true;5.0;5.0;10:30 - 10:45;10:30 - 10:45;false;true;1.0;1.0;1.0;1.0;1.1;-0.3;1.0;1.0;-0.3;-0.3;1.1;Expansion;Strong Downtrend;false;false;2.7
2025-08-04;true;true;false;true;false;true;true;true;1754327100000000;13:00 - 13:15;true;true;false;1754327400000000;1754327700000000;false;5.0;10.0;13:15 - 13:30;13:00 - 13:15;false;;1.2;1.2;1.1;1.1;1.3;0.6;0.1;1.0;0.6;0.4;1.3;Expansion;Strong Uptrend;true;false;3.6
2025-08-05;false;false;true;false;true;true;true;true;1754404200000000;10:30 - 10:45;false;true;false;1754404800000000;1754405100000000;true;10.0;15.0;10:45 - 11:00;10:30 - 10:45;false;true;-0.3;-0.5;0.0;-0.1;-0.4;0.4;0.6;0.0;0.3;-0.4;0.4;Expansion;Strong Downtrend;true;true;2.4
2025-08-06;true;true;false;true;false;true;true;true;1754492100000000;10:45 - 11:00;true;true;true;1754493000000000;1754503800000000;false;15.0;195.0;14:00 - 14:15;11:00 - 11:15;true;true;2.2;3.5;1.4;1.9;2.3;1.4;0.4;0.6;1.8;0.5;2.3;Expansion;Weak Uptrend;false;false;3.2
2025-08-07;false;true;true;true;true;true;false;false;1754581200000000;11:30 - 11:45;true;false;true;1754585100000000;1754596200000000;true;65.0;250.0;15:45 - 16:00;12:45 - 13:00;false;false;2.4;2.8;-1.0;-1.2;2.5;-1.0;0.4;0.2;2.4;-1.0;2.5;Strong Uptrend;Strong Downtrend;true;true;2.2
2025-08-08;false;false;true;false;true;true;true;true;1754663700000000;10:30 - 10:45;false;true;true;1754664300000000;1754667900000000;true;10.0;70.0;11:45 - 12:00;10:45 - 11:00;true;true;-0.8;-1.2;0.2;0.1;-0.9;0.4;0.3;0.3;-0.2;-0.9;0.4;Expansion;Strong Downtrend;false;true;2.0
2025-08-11;true;true;true;true;true;true;false;false;1754922900000000;10:30 - 10:45;true;false;false;1754925000000000;1754928900000000;true;35.0;100.0;12:15 - 12:30;11:00 - 11:15;false;false;1.5;1.8;0.4;0.5;1.6;-0.9;0.1;0.5;-0.4;-0.9;1.6;Strong Downtrend;Strong Uptrend;false;true;1.0
2025-08-12;true;true;false;true;false;true;true;true;1755012300000000;11:15 - 11:30;true;true;false;1755013200000000;1755014400000000;true;15.0;35.0;12:00 - 12:15;11:30 - 11:45;true;;1.4;1.8;1.0;1.2;1.5;0.6;0.6;0.6;1.0;0.4;1.5;Expansion;Medium Uptrend;false;true;3.3
2025-08-13;true;true;false;true;false;true;true;true;1755112800000000;15:15 - 15:30;true;true;true;1755113700000000;1755114900000000;false;15.0;35.0;15:45 - 16:00;15:30 - 15:45;false;false;1.3;1.4;1.1;1.1;1.4;1.1;0.3;0.8;1.3;0.1;1.4;Strong Uptrend;Strong Downtrend;true;true;6.6
2025-08-14;true;true;true;true;true;true;false;false;1755181800000000;10:30 - 10:45;true;false;false;1755182100000000;1755182700000000;false;5.0;15.0;10:45 - 11:00;10:30 - 10:45;false;false;1.4;1.7;1.1;1.2;1.5;-0.4;0.5;1.0;0.2;-0.4;1.5;Strong Downtrend;Strong Downtrend;false;true;2.3
2025-08-15;false;false;true;false;true;true;true;true;1755269100000000;10:45 - 11:00;false;true;true;1755270900000000;1755272400000000;false;30.0;55.0;11:30 - 11:45;11:15 - 11:30;true;false;-0.9;-1.2;-0.2;-0.3;-1.0;-0.2;0.9;0.3;-1.0;-1.0;0.4;Strong Downtrend;Strong Uptrend;true;false;3.0
